Snowflake Headers,Snowflake Field Names ,Dictionary Headers
RECORD_QUALITY_CODE,Record Quality Code,RECORD_QUALITY_CODE
NUM_SOURC_VERIFY_HH,Number of Sources Verifying Household,NUM_SOURC_VERIFY_HH
FIPS_STATE_CODE,FIPS State Code,FIPS_STATE_CODE
ZIP,ZIP Code,ZIP
ZIP4,ZIP-Plus 4,ZIP4
DELIVERY_POINT_CODE,Delivery Point Code,DELIVERY_POINT_CODE
CARRIER_ROUTE,Carrier Route,CARRIER_ROUTE
CONTRACTED_ADDRESS,Contracted Address,CONTRACTED_ADDRESS
POST_OFFICE_NAME,Post Office Name,POST_OFFICE_NAME
STATE,State Abbreviation,STATE
COUNTY_CODE,County Code,COUNTY_CODE
ADDR_QUALITY_CODE,Address Quality Code,ADDR_QUALITY_CODE
ADDR_TYP,Address Type,ADDR_TYP
VERIFICATION_DATE_HH,Verification Date of Household,VERIFICATION_DATE_HH
SURNAME,Surname,SURNAME
AGILITY_ADDR_KEY,Agility Address Key,AGILITY_ADDR_KEY
AGILITY_HH_KEY,Agility Household Key,AGILITY_HH_KEY
PERSON_SEQ_NO1,Person Seq No #1,PERSON_SEQ_NO1
TTL_CODE1,Title Code #1,TTL_CODE1
GIVEN_NAME1,Given Name #1,GIVEN_NAME1
MIDDLE_INITITAL_1,Middle Initial #1,MIDDLE_INITITAL_1
GENDER1,Gender of Person 1,GENDER1
MEMBER_CODE_PERSON1,Member Code of Person #1,MEMBER_CODE_PERSON1
VERIFICATION_DATE_PERSON1,Verification Date of Person #1,VERIFICATION_DATE_PERSON1
AFRICAN_AMERICAN_CONF_CODE1,African American Confidence Code #1,AFRICAN_AMERICAN_CONF_CODE1
ASSIMILATION_CODE1,Assimilation Code #1,ASSIMILATION_CODE1
ETHNIC_GROUP1,Ethnic Groups #1,ETHNIC_GROUP1
ETHNIC_GROUP_CODE1,Ethnic Groups/Codes #1,ETHNIC_GROUP_CODE1
HISP_COUNTRY_ORIGIN1,Hispanic Country of Origin #1,HISP_COUNTRY_ORIGIN1
LANGUAGE_CODE1,Language Code #1,LANGUAGE_CODE1
RELIGION1,Religion #1,RELIGION1
NUM_TRADELINES1,Number of Tradelines #1,NUM_TRADELINES1
BANKCARD_ISSUE_DATE1,Bankcard Issue Date #1,BANKCARD_ISSUE_DATE1
ADV_IND_MARITAL_STATUS1,Advantage Individual Marital Status #1,ADV_IND_MARITAL_STATUS1
ADV_IND_MARITAL_STATS_INDICATR1,Advantage Individual Marital Status Indicator #1,ADV_IND_MARITAL_STATS_INDICATR1
BTHDAY_PERSON_W_DAY_ENH1,Birthday of Person w/ Day - No Restricted Source (Enhanced) #1,BTHDAY_PERSON_W_DAY_ENH1
BTHDAY_MTH_INDICATOR_ENH1,Birthday - Month Indicator - No Restricted Source (Enhanced) #1,BTHDAY_MTH_INDICATOR_ENH1
INDIVIDUAL_EXACT_AGE1,Individual Exact Age - No Restricted Source (Enhanced) #1,INDIVIDUAL_EXACT_AGE1
SELF_REPORTED_RESPONDER1,Self Reported Responder - Self Reported #1,SELF_REPORTED_RESPONDER1
AGILITY_INDIVIDUAL_KEY1,Agility Individual Key #1,AGILITY_INDIVIDUAL_KEY1
PERSON_SEQ_NO2,Person Seq No #2,PERSON_SEQ_NO2
TTL_CODE2,Title Code #2,TTL_CODE2
GIVEN_NAME2,Given Name #2,GIVEN_NAME2
MIDDLE_INITITAL_2,Middle Initial #2,MIDDLE_INITITAL_2
GENDER2,Gender of Person 2,GENDER2
MEMBER_CODE_PERSON2,Member Code of Person #2,MEMBER_CODE_PERSON2
VERIFICATION_DATE_PERSON2,Verification Date of Person #2,VERIFICATION_DATE_PERSON2
AFRICAN_AMERICAN_CONF_CODE2,African American Confidence Code #2,AFRICAN_AMERICAN_CONF_CODE2
ASSIMILATION_CODE2,Assimilation Code #2,ASSIMILATION_CODE2
ETHNIC_GROUP2,Ethnic Groups #2,ETHNIC_GROUP2
ETHNIC_GROUP_CODE2,Ethnic Groups/Codes #2,ETHNIC_GROUP_CODE2
HISP_COUNTRY_ORIGIN2,Hispanic Country of Origin #2,HISP_COUNTRY_ORIGIN2
LANGUAGE_CODE2,Language Code #2,LANGUAGE_CODE2
RELIGION2,Religion #2,RELIGION2
NUM_TRADELINES2,Number of Tradelines #2,NUM_TRADELINES2
BANKCARD_ISSUE_DATE2,Bankcard Issue Date #2,BANKCARD_ISSUE_DATE2
ADV_IND_MARITAL_STATUS2,Advantage Individual Marital Status #2,ADV_IND_MARITAL_STATUS2
ADV_IND_MARITAL_STATS_INDICATR2,Advantage Individual Marital Status Indicator #2,ADV_IND_MARITAL_STATS_INDICATR2
BTHDAY_PERSON_W_DAY_ENH2,Birthday of Person w/ Day - No Restricted Source (Enhanced) #2,BTHDAY_PERSON_W_DAY_ENH2
BTHDAY_MTH_INDICATOR_ENH2,Birthday - Month Indicator - No Restricted Source (Enhanced) #2,BTHDAY_MTH_INDICATOR_ENH2
INDIVIDUAL_EXACT_AGE2,Individual Exact Age - No Restricted Source (Enhanced) #2,INDIVIDUAL_EXACT_AGE2
SELF_REPORTED_RESPONDER2,Self Reported Responder - Self Reported #2,SELF_REPORTED_RESPONDER2
AGILITY_INDIVIDUAL_KEY2,Agility Individual Key #2,AGILITY_INDIVIDUAL_KEY2
PERSON_SEQ_NO3,Person Seq No #3,PERSON_SEQ_NO3
TTL_CODE3,Title Code #3,TTL_CODE3
GIVEN_NAME3,Given Name #3,GIVEN_NAME3
MIDDLE_INITITAL_3,Middle Initial #3,MIDDLE_INITITAL_3
GENDER3,Gender of Person 3,GENDER3
MEMBER_CODE_PERSON3,Member Code of Person #3,MEMBER_CODE_PERSON3
VERIFICATION_DATE_PERSON3,Verification Date of Person #3,VERIFICATION_DATE_PERSON3
AFRICAN_AMERICAN_CONF_CODE3,African American Confidence Code #3,AFRICAN_AMERICAN_CONF_CODE3
ASSIMILATION_CODE3,Assimilation Code #3,ASSIMILATION_CODE3
ETHNIC_GROUP3,Ethnic Groups #3,ETHNIC_GROUP3
ETHNIC_GROUP_CODE3,Ethnic Groups/Codes #3,ETHNIC_GROUP_CODE3
HISP_COUNTRY_ORIGIN3,Hispanic Country of Origin #3,HISP_COUNTRY_ORIGIN3
LANGUAGE_CODE3,Language Code #3,LANGUAGE_CODE3
RELIGION3,Religion #3,RELIGION3
NUM_TRADELINES3,Number of Tradelines #3,NUM_TRADELINES3
BANKCARD_ISSUE_DATE3,Bankcard Issue Date #3,BANKCARD_ISSUE_DATE3
ADV_IND_MARITAL_STATUS3,Advantage Individual Marital Status #3,ADV_IND_MARITAL_STATUS3
ADV_IND_MARITAL_STATS_INDICATR3,Advantage Individual Marital Status Indicator #3,ADV_IND_MARITAL_STATS_INDICATR3
BTHDAY_PERSON_W_DAY_ENH3,Birthday of Person w/ Day - No Restricted Source (Enhanced) #3,BTHDAY_PERSON_W_DAY_ENH3
BTHDAY_MTH_INDICATOR_ENH3,Birthday - Month Indicator - No ,BTHDAY_MTH_INDICATOR_ENH3
INDIVIDUAL_EXACT_AGE3,Individual Exact Age - No Restricted Source (Enhanced) #3,INDIVIDUAL_EXACT_AGE3
SELF_REPORTED_RESPONDER3,Self Reported Responder - Self Reported #3,SELF_REPORTED_RESPONDER3
AGILITY_INDIVIDUAL_KEY3,Agility Individual Key #3,AGILITY_INDIVIDUAL_KEY3
PERSON_SEQ_NO4,Person Seq No #4,PERSON_SEQ_NO4
TTL_CODE4,Title Code #4,TTL_CODE4
GIVEN_NAME4,Given Name #4,GIVEN_NAME4
MIDDLE_INITITAL_4,Middle Initial #4,MIDDLE_INITITAL_4
GENDER4,Gender of Person 4,GENDER4
MEMBER_CODE_PERSON4,Member Code of Person #4,MEMBER_CODE_PERSON4
VERIFICATION_DATE_PERSON4,Verification Date of Person #4,VERIFICATION_DATE_PERSON4
AFRICAN_AMERICAN_CONF_CODE4,African American Confidence Code #4,AFRICAN_AMERICAN_CONF_CODE4
ASSIMILATION_CODE4,Assimilation Code #4,ASSIMILATION_CODE4
ETHNIC_GROUP4,Ethnic Groups #4,ETHNIC_GROUP4
ETHNIC_GROUP_CODE4,Ethnic Groups/Codes #4,ETHNIC_GROUP_CODE4
HISP_COUNTRY_ORIGIN4,Hispanic Country of Origin #4,HISP_COUNTRY_ORIGIN4
LANGUAGE_CODE4,Language Code #4,LANGUAGE_CODE4
RELIGION4,Religion #4,RELIGION4
NUM_TRADELINES4,Number of Tradelines #4,NUM_TRADELINES4
BANKCARD_ISSUE_DATE4,Bankcard Issue Date #4,BANKCARD_ISSUE_DATE4
ADV_IND_MARITAL_STATUS4,Advantage Individual Marital Status #4,ADV_IND_MARITAL_STATUS4
ADV_IND_MARITAL_STATS_INDICATR4,Advantage Individual Marital Status Indicator #4,ADV_IND_MARITAL_STATS_INDICATR4
BTHDAY_PERSON_W_DAY_ENH4,Birthday of Person w/ Day - No Restricted Source (Enhanced) #4,BTHDAY_PERSON_W_DAY_ENH4
BTHDAY_MTH_INDICATOR_ENH4,Birthday - Month Indicator - No Restricted Source (Enhanced) #4,BTHDAY_MTH_INDICATOR_ENH4
INDIVIDUAL_EXACT_AGE4,Individual Exact Age - No Restricted Source (Enhanced) #4,INDIVIDUAL_EXACT_AGE4
SELF_REPORTED_RESPONDER4,Self Reported Responder - Self Reported #4,SELF_REPORTED_RESPONDER4
AGILITY_INDIVIDUAL_KEY4,Agility Individual Key #4,AGILITY_INDIVIDUAL_KEY4
PERSON_SEQ_NO5,Person Seq No #5,PERSON_SEQ_NO5
TTL_CODE5,Title Code #5,TTL_CODE5
GIVEN_NAME5,Given Name #5,GIVEN_NAME5
MIDDLE_INITITAL_5,Middle Initial #5,MIDDLE_INITITAL_5
GENDER5,Gender of Person 5,GENDER5
MEMBER_CODE_PERSON5,Member Code of Person #5,MEMBER_CODE_PERSON5
VERIFICATION_DATE_PERSON5,Verification Date of Person #5,VERIFICATION_DATE_PERSON5
AFRICAN_AMERICAN_CONF_CODE5,African American Confidence Code #5,AFRICAN_AMERICAN_CONF_CODE5
ASSIMILATION_CODE5,Assimilation Code #5,ASSIMILATION_CODE5
ETHNIC_GROUP5,Ethnic Groups #5,ETHNIC_GROUP5
ETHNIC_GROUP_CODE5,Ethnic Groups/Codes #5,ETHNIC_GROUP_CODE5
HISP_COUNTRY_ORIGIN5,Hispanic Country of Origin #5,HISP_COUNTRY_ORIGIN5
LANGUAGE_CODE5,Language Code #5,LANGUAGE_CODE5
RELIGION5,Religion #5,RELIGION5
NUM_TRADELINES5,Number of Tradelines #5,NUM_TRADELINES5
BANKCARD_ISSUE_DATE5,Bankcard Issue Date #5,BANKCARD_ISSUE_DATE5
ADV_IND_MARITAL_STATUS5,Advantage Individual Marital Status #5,ADV_IND_MARITAL_STATUS5
ADV_IND_MARITAL_STATS_INDICATR5,Advantage Individual Marital Status Indicator #5,ADV_IND_MARITAL_STATS_INDICATR5
BTHDAY_PERSON_W_DAY_ENH5,Birthday of Person w/ Day - No Restricted Source (Enhanced) #5,BTHDAY_PERSON_W_DAY_ENH5
BTHDAY_MTH_INDICATOR_ENH5,Birthday - Month Indicator - No Restricted Source (Enhanced) #5,BTHDAY_MTH_INDICATOR_ENH5
INDIVIDUAL_EXACT_AGE5,Individual Exact Age - No Restricted Source (Enhanced) #5,INDIVIDUAL_EXACT_AGE5
SELF_REPORTED_RESPONDER5,Self Reported Responder - Self Reported #5,SELF_REPORTED_RESPONDER5
AGILITY_INDIVIDUAL_KEY5,Agility Individual Key #5,AGILITY_INDIVIDUAL_KEY5
NICHES_40,Niches 4.0,NICHES_4
POLITICAL_DONOR_PROPS,Political Donor Propensity,POLITICAL_DONOR_PROPS
POLITICAL_PARTY_HH,Political Party (Household),POLITICAL_PARTY_HH
OCCUPATION,Occupation,OCCUPATION
OCREDIT_AUTO_LOANS,Other Credit - Auto Loans,OCREDIT_AUTO_LOANS
OCREDIT_EDU_STUDENT_LOANS,Other Credit - Education - Student Loans,OCREDIT_EDU_STUDENT_LOANS
OCREDIT_FIN_SERVICES_BANKING,Other Credit - Financial Services Banking,OCREDIT_FIN_SERVICES_BANKING
OCREDIT_FIN_SERVICES_INSTALL,Other Credit - Financial Services Installment,OCREDIT_FIN_SERVICES_INSTALL
OCREDIT_FIN_SERVICES_INSURANCE,Other Credit - Financial Services Insurance,OCREDIT_FIN_SERVICES_INSURANCE
OCREDIT_LEASING,Other Credit - Leasing,OCREDIT_LEASING
OCREDIT_HOME_MORTG,Other Credit - Mortgage - Home Mortgage,OCREDIT_HOME_MORTG
CREDIT_ACTIVE,Credit Active,CREDIT_ACTIVE
SHORT_TERM_LIABILITY,Short Term Liability,SHORT_TERM_LIABILITY
WEALTH_RESOURCES,Wealth Resources,WEALTH_RESOURCES
INVESTMENT_RESOURCES,Investment Resources,INVESTMENT_RESOURCES
LIQUID_RESOURCES,Liquid Resources,LIQUID_RESOURCES
MORTG_LIABILITY,Mortgage Liability,MORTG_LIABILITY
GOLD_WALLETS,Gold Wallets,GOLD_WALLETS
SILVER_WALLETS,Silver Wallets,SILVER_WALLETS
PLATINUM_WALLETS,Platinum Wallets,PLATINUM_WALLETS
BOOK_BEST_SELLING_FICTION_ALL,Books - Best Selling Fiction - All,BOOK_BEST_SELLING_FICTION_ALL
BOOK_BIBLE_DEVOTIONAL_ALL,Books - Bible/Devotional - All,BOOK_BIBLE_DEVOTIONAL_ALL
BOOK_BOOKS_READING_ALL,Books - Books/Reading - All,BOOK_BOOKS_READING_ALL
BOOKS_SPORTS_ALL,Books - Sports - All,BOOKS_SPORTS_ALL
BOOK_CHILDREN_BOOK_ALL,Books - Children's Books - All,BOOK_CHILDREN_BOOK_ALL
BOOK_COOKING_CULINARY_ALL,Books - Cooking/Culinary - All,BOOK_COOKING_CULINARY_ALL
BOOK_COUNTRY_LIFESTYLE_ALL,Books - Country Lifestyle - All,BOOK_COUNTRY_LIFESTYLE_ALL
BOOK_ENTERTAINMENT_ALL,Books - Entertainment - All,BOOK_ENTERTAINMENT_ALL
BOOK_FASHION_ALL,Books - Fashion - All,BOOK_FASHION_ALL
BOOK_INTERIOR_DECORATING_ALL,Books - Interior Decorating - All,BOOK_INTERIOR_DECORATING_ALL
BOOK_MEDICAL_OR_HEALTH_ALL,Books - Medical or Health - All,BOOK_MEDICAL_OR_HEALTH_ALL
BOOK_MILITARY_ALL,Books - Military - All,BOOK_MILITARY_ALL
BOOK_ROMANCE_ALL,Books - Romance - All,BOOK_ROMANCE_ALL
BOOK_WORLD_NEWS_ALL,Books - World News - All,BOOK_WORLD_NEWS_ALL
DONOR_DONATE_CHARIT_CAUSES_ALL,Donor - Donate to Charitable Causes - All,DONOR_DONATE_CHARIT_CAUSES_ALL
DONOR_ACTIVE_MILITARY_ALL,Donor - Active Military - All,DONOR_ACTIVE_MILITARY_ALL
DONOR_ALZHEIMER_ALL,Blank Space,
DONOR_ANIMAL_WELFARE_ALL,Donor - Animal Welfare - All,DONOR_ANIMAL_WELFARE_ALL
DONOR_ARTS_CULTURAL_ALL,Donor - Arts or Cultural - All,DONOR_ARTS_CULTURAL_ALL
DONOR_CANCER_ALL,Donor - Cancer - All,DONOR_CANCER_ALL
DONOR_CATHOLIC_ALL,Donor - Catholic - All,DONOR_CATHOLIC_ALL
DONOR_CHILDREN_ALL,Donor - Children's - All,DONOR_CHILDREN_ALL
DONOR_HUMANITARIAN_ALL,Donor - Humanitarian - All,DONOR_HUMANITARIAN_ALL
DONOR_NATIVE_AMERICAN_ALL,Donor - Native American - All,DONOR_NATIVE_AMERICAN_ALL
DONOR_OTHER_RELIGIOUS_ALL,Donor - Other Religious - All,DONOR_OTHER_RELIGIOUS_ALL
DONOR_POLITICAL_CONSERV_ALL,Donor - Political Conservative - All,DONOR_POLITICAL_CONSERV_ALL
DONOR_POLITICAL_LIBERAL_ALL,Donor - Political Liberal - All,DONOR_POLITICAL_LIBERAL_ALL
DONOR_VETERAN_ALL,Donor - Veteran - All,DONOR_VETERAN_ALL
DONOR_WORLD_RELIEF_ALL,Donor - World Relief - All,DONOR_WORLD_RELIEF_ALL
DONOR_WILDLIFE_ENVIRN_CAUS_ALL,Donor - Wildlife/Environmental Causes - All,DONOR_WILDLIFE_ENVIRN_CAUS_ALL
COLLECT_ANY_ALL,Collectibles - Any - All,COLLECT_ANY_ALL
COLLECT_ART_ANTIQUE_ALL,Collectibles - Art/Antique - All,COLLECT_ART_ANTIQUE_ALL
COLLECT_DOLLS_ALL,Collectibles - Dolls - All,COLLECT_DOLLS_ALL
COLLECT_FIGURINES_ALL,Collectibles - Figurines - All,COLLECT_FIGURINES_ALL
COLLECT_STAMPS_ALL,Blank Space,
COLLECT_COIN_ALL,Blank Space,
HOBBIES_AUTOMOTIVE_WORK_ALL,Hobbies - Automotive Work - All,HOBBIES_AUTOMOTIVE_WORK_ALL
HOBBIES_BAKING_ALL,Hobbies - Baking - All,HOBBIES_BAKING_ALL
HOBBIES_BIRD_FEED_WATCH_ALL,Hobbies - Bird Feeding/Watching - All,HOBBIES_BIRD_FEED_WATCH_ALL
HOBBIES_CAREER_ADVC_COURSE_ALL,Hobbies - Career Advancement Courses - All,HOBBIES_CAREER_ADVC_COURSE_ALL
HOBBIES_CIGAR_SMOKING_ALL,Hobbies - Cigar Smoking - All,HOBBIES_CIGAR_SMOKING_ALL
HOBBIES_CONTEST_SWPSTAKES_ALL,Blank Space,
HOBBIES_COOKING_ALL,Hobbies - Cooking - All,HOBBIES_COOKING_ALL
HOBBIES_CRAFTS_ALL,Hobbies - Crafts - All,HOBBIES_CRAFTS_ALL
HOBBIES_CULTURAL_EVENTS_ALL,Hobbies - Cultural/Arts Events - All,HOBBIES_CULTURAL_EVENTS_ALL
HOBBIES_GARDENING_ALL,Hobbies - Gardening - All,HOBBIES_GARDENING_ALL
HOBBIES_GOURMET_FOODS_ALL,Hobbies - Gourmet Foods - All,HOBBIES_GOURMET_FOODS_ALL
HOBBIES_ANY_ALL,Hobbies - Any - All,HOBBIES_ANY_ALL
HOBBIES_HOME_IMPROV_DIY_ALL,Hobbies - Home Improvement/DIY - All,HOBBIES_HOME_IMPROV_DIY_ALL
HOBBIES_HOME_STUDY_COURSE_ALL,Hobbies - Home Study Courses - All,HOBBIES_HOME_STUDY_COURSE_ALL
HOBBIES_MOTORCYCLE_RIDING_ALL,Hobbies - Motorcycle Riding - All,HOBBIES_MOTORCYCLE_RIDING_ALL
HOBBIES_PHOTOGRAPHY_ALL,Hobbies - Photography - All,HOBBIES_PHOTOGRAPHY_ALL
HOBBIES_QUILTING_ALL,Hobbies - Quilting - All,HOBBIES_QUILTING_ALL
HOBBIES_SCRAPBOOKING_ALL,Hobbies - Scrapbooking - All,HOBBIES_SCRAPBOOKING_ALL
HOBBIES_SELF_IMPROVE_COZS_ALL,Hobbies - Self-Improvement Courses - All,HOBBIES_SELF_IMPROVE_COZS_ALL
HOBBIES_SEWING_KNITTING_ALL,Hobbies - Sewing/Needlework/Knitting - All,HOBBIES_SEWING_KNITTING_ALL
HOBBIES_WINE_ALL,Hobbies - Wine - All,HOBBIES_WINE_ALL
HOBBIES_WOODWORKING_ALL,Hobbies - Woodworking - All,HOBBIES_WOODWORKING_ALL
INVEST_INSUR_BURIAL_INSUR_ALL,Investments and Insurance - Burial - Insurance - All ,INVEST_INSUR_BURIAL_INSUR_ALL
INVEST_INSUR_INSURANCE_ALL,Investments and Insurance - Insurance - All,INVEST_INSUR_INSURANCE_ALL
INVEST_INSUR_INVESTMENTS_ALL,Investments and Insurance - Investments - All,INVEST_INSUR_INVESTMENTS_ALL
INVEST_INSUR_JUVLIFE_INSUR_ALL,Investments and Insurance - Juvenile Life Insurance - All,INVEST_INSUR_JUVLIFE_INSUR_ALL
INVEST_INSUR_LIFE_INSUR_ALL,Investments and Insurance - Life Insurance - All,INVEST_INSUR_LIFE_INSUR_ALL
INVEST_INSUR_MEDICARE_COV_ALL,Investments and Insurance - Medicare Coverage - All,INVEST_INSUR_MEDICARE_COV_ALL
INVEST_INSUR_MUTUAL_FUNDS_ALL,Investments and Insurance - Mutual Funds - All,INVEST_INSUR_MUTUAL_FUNDS_ALL
INVEST_INSUR_STOCKS_ALL,Investments and Insurance - Stocks or Bonds - All,INVEST_INSUR_STOCKS_ALL
MO_ANY_ALL,Mail Order: Any - All,MO_ANY_ALL
MO_APPRL_ALL,Mail Order: Apparel - All,MO_APPRL_ALL
MO_BIG_TALL_ALL,Mail Order: Big & Tall - All,MO_BIG_TALL_ALL
MO_BOOKS_ALL,Mail Order: Books - All,MO_BOOKS_ALL
MO_CHILDREN_PROD_ALL,Mail Order: Children's Products - All,MO_CHILDREN_PROD_ALL
MO_FOOD_ALL,Mail Order: Food - All,MO_FOOD_ALL
MO_GIFTS_ALL,Mail Order: Gifts - All,MO_GIFTS_ALL
MO_HEALTH_BEAUTY_PROD_ALL,Mail Order: Health & Beauty Products - All,MO_HEALTH_BEAUTY_PROD_ALL
MO_HOME_FURNISHING_ALL,Mail Order: Home Furnishing - All,MO_HOME_FURNISHING_ALL
MO_JEWELRY_ALL,Mail Order: Jewelry - All,MO_JEWELRY_ALL
MO_MAGAZINES_ALL,Mail Order: Magazines - All,MO_MAGAZINES_ALL
MO_VIDEOS_DVD_ALL,Mail Order: Videos/DVD - All,MO_VIDEOS_DVD_ALL
MO_WOMEN_PLUS_ALL,Mail Order: Women's Plus - All,MO_WOMEN_PLUS_ALL
MUSIC_CHRISTIAN_GOS_ALL,Music - Christian or Gospel - All,MUSIC_CHRISTIAN_GOS_ALL
MUSIC_CLASSICAL_ALL,Music - Classical - All,MUSIC_CLASSICAL_ALL
MUSIC_COUNTRY_ALL,Music - Country - All,MUSIC_COUNTRY_ALL
MUSIC_JAZZ_ALL,Music - Jazz - All,MUSIC_JAZZ_ALL
MUSIC_ANY_ALL,Music - Any - All,MUSIC_ANY_ALL
MUSIC_RNB_ALL,Music - R&B - All,MUSIC_RNB_ALL
MUSIC_ROCKNROLL_ALL,Music - Rock N Roll - All,MUSIC_ROCKNROLL_ALL
NUTRITION_NATURAL_FOODS_ALL,Nutrition - Natural Foods - All,NUTRITION_NATURAL_FOODS_ALL
NUTRITION_NUTRITION_DIET_ALL,Nutrition - Nutrition & Diet - All,NUTRITION_NUTRITION_DIET_ALL
NUTRITION_VIT_SUPPLEMENTS_ALL,Blank Space,
NUTRITION_WEIGHT_CONTROL_ALL,Nutrition - Weight Control - All,NUTRITION_WEIGHT_CONTROL_ALL
OTHER_ELECTRONICS_ALL,Other - Electronics - All,OTHER_ELECTRONICS_ALL
OTHER_GRANDHHILDREN_ALL,Other - Grandchildren - All,OTHER_GRANDHHILDREN_ALL
OTHER_ONLINE_HOUSEHOLD_ALL,Other - Online Household - All,OTHER_ONLINE_HOUSEHOLD_ALL
OTHER_SCIENCE_TECHNOLOGY_ALL,Other - Science/New Technology - All,OTHER_SCIENCE_TECHNOLOGY_ALL
OTHER_SWIMMING_POOL_ALL,Other - Swimming Pool - All,OTHER_SWIMMING_POOL_ALL
PETS_OWN_CAT_ALL,Pets - Own a Cat - All,PETS_OWN_CAT_ALL
PETS_OWN_DOG_ALL,Pets - Own a Dog - All,PETS_OWN_DOG_ALL
PETS_PETS_ALL,Pets - Pets - All,PETS_PETS_ALL
SPORTS_BOATING_SAILING_ALL,Sports - Boating/Sailing - All,SPORTS_BOATING_SAILING_ALL
SPORTS_CAMPING_HIKING_ALL,Sports - Camping/Hiking - All,SPORTS_CAMPING_HIKING_ALL
SPORTS_CYCLING_ALL,Sports - Cycling - All,SPORTS_CYCLING_ALL
SPORTS_FISHING_ALL,Sports - Fishing - All,SPORTS_FISHING_ALL
SPORTS_FITNESS_EXERCISE_ALL,Sports - Fitness/Exercise - All,SPORTS_FITNESS_EXERCISE_ALL
SPORTS_GOLF_ALL,Sports - Golf - All,SPORTS_GOLF_ALL
SPORTS_HUNTING_BIG_GAME_ALL,Sports - Hunting - Big Game - All,SPORTS_HUNTING_BIG_GAME_ALL
SPORTS_HUNTING_SHOOTING_ALL,Sports - Hunting/Shooting - All,SPORTS_HUNTING_SHOOTING_ALL
SPORTS_NASCAR_ALL,Sports - NASCAR - All,SPORTS_NASCAR_ALL
SPORTS_RUNNING_JOGGING_ALL,Sports - Running/Jogging - All,SPORTS_RUNNING_JOGGING_ALL
SPORTS_SKIING_SNOWBOARDING_ALL,Sports - Skiing/Snowboarding - All,SPORTS_SKIING_SNOWBOARDING_ALL
SPORTS_SPORT_PARTICIPATION_ALL,Sports - Sports Participation - All,SPORTS_SPORT_PARTICIPATION_ALL
SPORTS_WALKING_FOR_HEALTH_ALL,Sports - Walking for Health - All,SPORTS_WALKING_FOR_HEALTH_ALL
SPORTS_YOGA_PILATES_ALL,Sports - Yoga/Pilates - All,SPORTS_YOGA_PILATES_ALL
TRAVEL_BUSINESS_TRAVEL_ALL,Travel - Business Travel - All,TRAVEL_BUSINESS_TRAVEL_ALL
TRAVEL_CASINO_GAMBLING_ALL,Blank Space,
TRAVEL_CRUISESHIP_VACATION_ALL,Travel - Cruise Ship Vacation - All,TRAVEL_CRUISESHIP_VACATION_ALL
TRAVEL_INTERNATIONAL_ALL,Travel - International Travel - All,TRAVEL_INTERNATIONAL_ALL
TRAVEL_LEISURE_TRAVEL_ALL,Travel - Leisure Travel - All,TRAVEL_LEISURE_TRAVEL_ALL
TRAVEL_RV_VACATIONS_ALL,Travel - RV Vacations - All,TRAVEL_RV_VACATIONS_ALL
TRAVEL_TIMESHARE_ALL,Travel - Timeshare - All,TRAVEL_TIMESHARE_ALL
TRAVEL_TRAVEL_IN_THE_USA_ALL,Travel - Travel in the USA - All,TRAVEL_TRAVEL_IN_THE_USA_ALL
TRAVEL_TRAVELER_ALL,Travel - Traveler - All,TRAVEL_TRAVELER_ALL
OTHER_MILITARY_VETERAN_HH_ALL,Other - Military Veteran in Household - All,OTHER_MILITARY_VETERAN_HH_ALL
OTHER_OWN_SMART_PHONE_ALL,Other - Own a Smart Phone - All,OTHER_OWN_SMART_PHONE_ALL
FACEBOOK_USER_ALL,Facebook User - All,FACEBOOK_USER_ALL
INSTAGRAM_USER_ALL,Instagram User - All,INSTAGRAM_USER_ALL
PINTEREST_USER_ALL,Pinterest User - All,PINTEREST_USER_ALL
TWITTER_USER_ALL,Twitter User - All,TWITTER_USER_ALL
NUM_LIFESTYLES_ALL,Number of Lifestyles - All,NUM_LIFESTYLES_ALL
NUM_LIFESTYLES_SELF_REPT,Number of Lifestyles - Self Reported,NUM_LIFESTYLES_SELF_REPT
ADV_HH_EDU_ENH,Advantage Household Education - Enhanced,
ADV_HH_EDU_INDICATOR_ENH,Advantage Household Education Indicator - Enhanced,ADV_HH_EDU_INDICATOR_ENH
ADV_HH_AGE_CODE_ENH,Advantage Household Age Code (Enhanced),ADV_HH_AGE_CODE_ENH
ADV_HH_AGE_INDICATOR_ENH,Advantage Household Age Indicator (Enhanced),ADV_HH_AGE_INDICATOR_ENH
ADV_HH_SIZE_ENH,Advantage Household Size (Enhanced),ADV_HH_SIZE_ENH
ADV_HH_SIZE_INDICATOR_ENH,Advantage Household Size Indicator (Enhanced),ADV_HH_SIZE_INDICATOR_ENH
ADV_PREZ_CHILDREN_ENH,Advantage Presence of Children (Enhanced),ADV_PREZ_CHILDREN_ENH
ADV_PREZ_CHILDREN_INDICATR_ENH,Advantage Presence of Children Indicator (Enhanced),ADV_PREZ_CHILDREN_INDICATR_ENH
ADV_NUM_ADULTS,Advantage Number of Adults,ADV_NUM_ADULTS
ADV_NUM_ADULTS_INDICATOR,Advantage Number of Adults Indicator,ADV_NUM_ADULTS_INDICATOR
ADV_HOME_OWNER,Advantage Home Owner,ADV_HOME_OWNER
ADV_HOME_OWNER_INDICATOR,Advantage Home Owner Indicator,ADV_HOME_OWNER_INDICATOR
ADV_HH_MARITAL_STATUS,Advantage Household Marital Status,ADV_HH_MARITAL_STATUS
ADV_HH_MARITAL_STATUS_INDICATR,Advantage Household Marital Status Indicator,ADV_HH_MARITAL_STATUS_INDICATR
ADV_DWELLING_TYP,Advantage Dwelling Type,ADV_DWELLING_TYP
ADV_DWELLING_TYP_INDICATOR,Advantage Dwelling Type Indicator,ADV_DWELLING_TYP_INDICATOR
ADV_LENGTH_RESIDENCE,Advantage Length of Residence,ADV_LENGTH_RESIDENCE
ADV_LENGTH_RESIDENCE_INDICATOR,Advantage Length of Residence Indicator,ADV_LENGTH_RESIDENCE_INDICATOR
DWELLING_TYP_LEGACY,Dwelling Type - Legacy,DWELLING_TYP_LEGACY
AGE_18_24_SPEC_ENH,Age 18-24 Year Old Specific (Enhanced),AGE_18_24_SPEC_ENH
AGE_25_34_SPEC_ENH,Age 25-34 Year Old Specific (Enhanced),AGE_25_34_SPEC_ENH
AGE_35_44_SPEC_ENH,Age 35-44 Year Old Specific (Enhanced),AGE_35_44_SPEC_ENH
AGE_45_54_SPEC_ENH,Age 45-54 Year Old Specific (Enhanced),AGE_45_54_SPEC_ENH
AGE_55_64_SPEC_ENH,Age 55-64 Year Old Specific (Enhanced),AGE_55_64_SPEC_ENH
AGE_65_74_SPEC_ENH,Age 65-74 Year Old Specific (Enhanced),AGE_65_74_SPEC_ENH
PREZ_ADULT_75_ABOVE_ENH,Presence of Adults Age 75+ Specific (Enhanced),PREZ_ADULT_75_ABOVE_ENH
PREZ_ADULT_UNKNOWN_AGE,Presence of Adults Unknown Age (Enhanced),PREZ_ADULT_UNKNOWN_AGE
CHILDREN_AGE_0_2_ENH,Children Age 0 to 2  (Enhanced),CHILDREN_AGE__2_ENH
CHILDREN_AGE_3_5_ENH,Children Age 3 to 5 (Enhanced),CHILDREN_AGE_3_5_ENH
CHILDREN_AGE_6_10_ENH,Children Age 6 to 10 (Enhanced),CHILDREN_AGE_6_1_ENH
CHILDREN_AGE_11_15_ENH,Children Age 11 to 15 (Enhanced),CHILDREN_AGE_11_15_ENH
CHILDREN_AGE_16_17_ENH,Children Age 16 to 17 (Enhanced),CHILDREN_AGE_16_17_ENH
HH_TYP_FAMILY_COMPOS_ENH,Household Type / Family Composition (Enhanced),HH_TYP_FAMILY_COMPOS_ENH
NUM_CHILDREN_HH_ENH,Number of Children in Household (Enhanced),NUM_CHILDREN_HH_ENH
NUM_GENERATIONS_HH_ENH,Number of Generations in Household (Enhanced),NUM_GENERATIONS_HH_ENH
CURRENT_LOAN_TO_VALUE,Current Loan to Value,CURRENT_LOAN_TO_VALUE
ADV_TGT_INCOME_30,Advantage Target Income 3.0,ADV_TGT_INCOME_3
ADV_TGT_INCOME_INDICATOR_30,Advantage Target Income Indicator 3.0,ADV_TGT_INCOME_INDICATOR_3
ADV_TGT_NARROW_BAND_INCOME_30,Advantage Target Narrow Band Income 3.0,ADV_TGT_NARROW_BAND_INCOME_3
MERITSCORE,MeritScore,MERITSCORE
TGT_INCOME_INDEX_30,Target Income Index 3.0,TGT_INCOME_INDEX_3
TGT_NET_WORTH_30,Target Net Worth 3.0,TGT_NET_WORTH_3
TGT_PRE_MOVER_20_MODEL,Target Pre-Mover 2.0 Model,TGT_PRE_MOVER_2_MODEL
TGT_HOME_MKT_VALUE_20,Target Home Market Value 2.0,TGT_HOME_MKT_VALUE_2
AVA_HOME_EQUITY_IN_K,Available home equity in thousands,AVA_HOME_EQUITY_IN_K
FIRST_MORTG_AMOUNT_IN_K,First mortgage amount in thousands,FIRST_MORTG_AMOUNT_IN_K
HOME_EQUITY_LOAN_DATE,Home Equity Loan Date,HOME_EQUITY_LOAN_DATE
HOME_EQUITY_LOAN_IN_K,Home equity loan in thousands,HOME_EQUITY_LOAN_IN_K
HOME_EQUITY_LOAN_INDICATOR,Home equity loan indicator,HOME_EQUITY_LOAN_INDICATOR
HOME_MKT_VALUE_TAX_RECORD,Home Market Value (Tax Record),HOME_MKT_VALUE_TAX_RECORD
HOME_SALE_DATE,Home Sale Date,HOME_SALE_DATE
HOME_SALE_PRICE_IN_K,Home Sale Price (in Thousands),HOME_SALE_PRICE_IN_K
LIVING_AREA_SQ_FTG_RANGE,Living Area Square Footage Range,LIVING_AREA_SQ_FTG_RANGE
YEAR_HOME_BUILT,Year Home Built,YEAR_HOME_BUILT
MORTG_DATE,Mortgage date,MORTG_DATE
MORTG_INTEREST_RATE_REFIN,Mortgage Interest Rate (or Refinance),MORTG_INTEREST_RATE_REFIN
MORTG_INTEREST_RATE_TYP_REFIN,Mortgage Interest Rate Type (or refinance),MORTG_INTEREST_RATE_TYP_REFIN
MORTG_LOAN_TYP_REFIN,Mortgage Loan type (or Refinance),MORTG_LOAN_TYP_REFIN
REFIN_INDICATOR,Refinance indicator,REFIN_INDICATOR
SECOND_MORTG_AMOUNT_IN_K,Second mortgage amount in thousands,SECOND_MORTG_AMOUNT_IN_K
ORIGINAL_MORTG_AMOUNT,Original Mortgage Amount,ORIGINAL_MORTG_AMOUNT
PROPERTY_LOT_SIZE_IN_ACRES,Property Lot Size in Acres ,PROPERTY_LOT_SIZE_IN_ACRES_DUPLICATE
EXTERIOR_WALL_TYP,Exterior Wall Type,EXTERIOR_WALL_TYP
FUEL_CODE,Fuel Code,FUEL_CODE
HOME_HEAT_SOURCE,Home Heat Source,HOME_HEAT_SOURCE
ROOF_COVER_TYP,Roof Cover Type,ROOF_COVER_TYP
STRUCTURE_CODE,Structure Code,STRUCTURE_CODE
COLLEGE_GRAD_CHANGE_DATE,College Graduate Change Date ,COLLEGE_GRAD_CHANGE_DATE
COLLEGE_GRAD_TRIGGER,College Graduate Trigger,COLLEGE_GRAD_TRIGGER
CC_CHANGE_DATE,Credit Card Change Date,CC_CHANGE_DATE
CC_TRIGGER,Credit Card Trigger,CC_TRIGGER
TRIGGERVAL_NUM_CC,TriggerVal Num of Credit Cards,TRIGGERVAL_NUM_CC
EMPTY_NESTER_CHANGE_DATE,Empty Nester Change Date,EMPTY_NESTER_CHANGE_DATE
EMPTY_NESTER_TRIGGER,Empty Nester Trigger,EMPTY_NESTER_TRIGGER
FIRST_CHILD_CHANGE_DATE,First Child Change date,FIRST_CHILD_CHANGE_DATE
NEW_FIRST_CHILD_0_2_TRIGGER,New First Child 0-2 Years Old Trigger,NEW_FIRST_CHILD__2_TRIGGER
HOME_MKT_VALUE_CHANGE_DATE,Home Mkt Value Change Date,HOME_MKT_VALUE_CHANGE_DATE
HOME_MKT_VALUE_TRIGGER,Home Market Value Trigger,HOME_MKT_VALUE_TRIGGER
TRIGGERVAL_HOME_MKT_VALUE,TriggerVal Home Market Value,TRIGGERVAL_HOME_MKT_VALUE
INCOME_CHANGE_DATE,Income Change Date,INCOME_CHANGE_DATE
INCOME_TRIGGER,Income Trigger,INCOME_TRIGGER
TRIGGERVAL_INCOME,TriggerVal Income,TRIGGERVAL_INCOME
NEW_ADULT_CHANGE_DATE,New Adult Change Date,NEW_ADULT_CHANGE_DATE
NEW_ADULT_TO_FILE_TRIGGER,New Adult to File Trigger,NEW_ADULT_TO_FILE_TRIGGER
NEW_DRIVER_CHANGE_DATE,New Driver Change Date,NEW_DRIVER_CHANGE_DATE
NEW_PRE_DRIVER_TRIGGER,New/Pre Driver Trigger,NEW_PRE_DRIVER_TRIGGER
NEW_YNG_ADULT_TO_CHANGE_DATE,New Young Adult to Change Date,NEW_YNG_ADULT_TO_CHANGE_DATE
NEW_YNG_ADULT_TO_FILE_TRIGGER,New Young Adult to File Trigger,NEW_YNG_ADULT_TO_FILE_TRIGGER
NEW_MARRIED_CHANGE_DATE,Newly Married Change Date,NEW_MARRIED_CHANGE_DATE
NEW_MARRIED_TRIGGER,Newly Married Trigger,NEW_MARRIED_TRIGGER
NEW_SINGLE_CHANGE_DATE,Newly Single Change Date,NEW_SINGLE_CHANGE_DATE
NEW_SINGLE_TRIGGER,Newly Single Trigger,NEW_SINGLE_TRIGGER
RETIRED_CHANGE_DATE,Blank Space,
RETIRED_TRIGGER,Blank Space,
VALUESCORE_CHANGE_DATE,ValueScore Change Date,VALUESCORE_CHANGE_DATE
VALUESCORE_TRIGGER,ValueScore Trigger,VALUESCORE_TRIGGER
TRIGGERVAL_VALUESCORE,TriggerVal ValueScore,TRIGGERVAL_VALUESCORE
NICHE_SWITCH_TRIGGER_DATE,Niche Switch Trigger - Date,NICHE_SWITCH_TRIGGER_DATE
NICHE_SWITCH_TRIGGER,Niche Switch Trigger,NICHE_SWITCH_TRIGGER
NICHE_SWITCH_TRIGGER_CHG_TYP,Niche Switch Trigger - Change Type,NICHE_SWITCH_TRIGGER_CHG_TYP
ACT_AVG_DOLLARS_QUINT,Activity - Average Dollars Quintile,ACT_AVG_DOLLARS_QUINT
ACT_TOT_DOLLARS_QUINT,Activity - Total Dollars Quintile,ACT_TOT_DOLLARS_QUINT
ACT_TOT_OFFLINE_DOLLARS_QUINT,Activity - Total Offline Dollars Quintile,ACT_TOT_OFFLINE_DOLLARS_QUINT
ACT_TOT_ONLINE_DOLLARS_QUINT,Activity - Total Online Dollars Quintile,ACT_TOT_ONLINE_DOLLARS_QUINT
ACT_NUM_PURCHASE_QUINT,Activity - Number of Purchases Quintile,ACT_NUM_PURCHASE_QUINT
ACT_NUM_OFFLINE_PURCHASE_QUINT,Activity - Number of Offline Purchases Quintile,ACT_NUM_OFFLINE_PURCHASE_QUINT
ACT_NUM_ONLINE_PURCHASE_QUINT,Activity - Number of Online Purchases Quintile,ACT_NUM_ONLINE_PURCHASE_QUINT
EAI_PERFORMANCE_RANK,EAI Performance Rank,EAI_PERFORMANCE_RANK
MO_BUYER,Mail Order Buyer,MO_BUYER
PURCHASE_DATE_RANGE,Purchase Date Range,PURCHASE_DATE_RANGE
CHANNEL_PREF_RT_CATALOG_QUINT,Channel Preference Ratio - Catalog Quintile,CHANNEL_PREF_RT_CATALOG_QUINT
CHANNEL_PREF_RT_ONLINE_QUINT,Channel Preference Ratio - Online Quintile,CHANNEL_PREF_RT_ONLINE_QUINT
CHANNEL_PREF_RT_RETAIL_QUINT,Channel Preference Ratio - Retail Quintile,CHANNEL_PREF_RT_RETAIL_QUINT
SEASONALITY_FALL_RATIO_QUINT,Seasonality - Fall Ratio Quintile,SEASONALITY_FALL_RATIO_QUINT
SEASONALITY_SPRING_RATIO_QUINT,Seasonality - Spring Ratio Quintile,SEASONALITY_SPRING_RATIO_QUINT
SEASONALITY_SUMMER_RATIO_QUINT,Seasonality - Summer Ratio Quintile,SEASONALITY_SUMMER_RATIO_QUINT
SEASONALITY_WINTER_RATIO_QUINT,Seasonality - Winter Ratio Quintile,SEASONALITY_WINTER_RATIO_QUINT
HH_PURCHASE_CHANNEL_INT,Household Purchase Channel - Internet,HH_PURCHASE_CHANNEL_INT
HH_PURCHASE_CHANNEL_MO,Household Purchase Channel - Mail Order,HH_PURCHASE_CHANNEL_MO
HH_PURCHASE_CHANNEL_SWPSTAKE,Household Purchase Channel - Sweepstakes,HH_PURCHASE_CHANNEL_SWPSTAKE
HH_PURCHASE_CHANNEL_TELEMKT,Household Purchase Channel - Telemarketing,HH_PURCHASE_CHANNEL_TELEMKT
NUM_DOLLARS_ON_RETURNS,Number of Dollars on Returns,NUM_DOLLARS_ON_RETURNS
NUM_ONE_SHOT_ORDERS,Number of One-Shot Orders,NUM_ONE_SHOT_ORDERS
NUM_RETURNS,Number of Returns,NUM_RETURNS
NUM_RETURNS_LAST_YEAR,Number of Returns in the Last Year,NUM_RETURNS_LAST_YEAR
CLUB_CONTINUITY_BUYER,Club/Continuity Buyer,CLUB_CONTINUITY_BUYER
PAYMENT_METHOD_CASH,Payment Method - Cash,PAYMENT_METHOD_CASH
PAYMENT_METHOD_CC,Payment Method - Credit Card,PAYMENT_METHOD_CC
ARTS_CRAFTS_QUINT,Arts & Crafts Quintile,ARTS_CRAFTS_QUINT
ARTS_CRAFTS_RCY_PURCH,Arts & Crafts Recency of Purchase,ARTS_CRAFTS_RCY_PURCH
B2B_BUSINESS_MKT_QUINT,B2B Business Marketing Quintile,B2B_BUSINESS_MKT_QUINT
B2B_BUSINESS_MKT_RCY_PURCH,B2B Business Marketing Recency of Purchase,B2B_BUSINESS_MKT_RCY_PURCH
B2B_MRO_QUINT,B2B MRO Quintile,B2B_MRO_QUINT
B2B_MRO_RCY_PURCH,B2B MRO Recency of Purchase,B2B_MRO_RCY_PURCH
B2B_OFFICE_CO_GIFTS_QUINT,B2B Office and Corporate Gifts Quintile,B2B_OFFICE_CO_GIFTS_QUINT
B2B_OFFICE_CO_GIFTS_RCY_PURCH,B2B Office and Corporate Gifts Recency of Purchase,B2B_OFFICE_CO_GIFTS_RCY_PURCH
B2B_TRAIN_PUBLICATIONS_QUINT,B2B Training and Publications Quintile,
B2B_TRAIN_PUB_RCY_PURCH,B2B Training and Publications Recency of Purchase,B2B_TRAIN_PUB_RCY_PURCH
BEAUTY_SPA_QUINT,Beauty and Spa Quintile,BEAUTY_SPA_QUINT
BEAUTY_SPA_RCY_PURCH,Beauty and Spa Recency of Purchase,BEAUTY_SPA_RCY_PURCH
BEVERAGES_QUINT,Beverages Quintile,BEVERAGES_QUINT
BEVERAGES_RCY_PURCH,Beverages Recency of Purchase,BEVERAGES_RCY_PURCH
BOOKS_QUINT,Books Quintile,BOOKS_QUINT
BOOKS_RCY_PURCH,Books Recency of Purchase,BOOKS_RCY_PURCH
CHILDREN_QUINT,Children's Quintile,CHILDREN_QUINT
CHILDREN_RCY_PURCH,Children's Recency of Purchase,CHILDREN_RCY_PURCH
COLLECT_QUINT,Collectibles Quintile,COLLECT_QUINT
COLLECT_RCY_PURCH,Collectibles Recency of Purchase,COLLECT_RCY_PURCH
FASHION_ACC_BEAUTY_QUINT,Fashion Accessories and Beauty Quintile,FASHION_ACC_BEAUTY_QUINT
FASHION_ACC_BEAUTY_RCY_PURCH,Fashion Accessories and Beauty Recency of Purchase,FASHION_ACC_BEAUTY_RCY_PURCH
F_M_APPRL_QUINT,Female and Male Apparel Quintile,F_M_APPRL_QUINT
F_M_APPRL_RCY_PURCH,Female and Male Apparel Recency of Purchase,F_M_APPRL_RCY_PURCH
GARDEN_BACKYARD_QUINT,Garden and Backyard Quintile,GARDEN_BACKYARD_QUINT
GARDEN_BACKYARD_RCY_PURCH,Garden and Backyard Recency of Purchase,GARDEN_BACKYARD_RCY_PURCH
GENERAL_GIFTS_QUINT,General Gifts Quintile,GENERAL_GIFTS_QUINT
GENERAL_GIFTS_RCY_PURCH,General Gifts Recency of Purchase,GENERAL_GIFTS_RCY_PURCH
HEALTH_VIT_SUPPLEMENTS_QUINT,Blank Space,
HEALTH_VIT_SUP_RCY_PURCH,Blank Space,
HIGH_TKT_F_APPRL_ACC_QUINT,High Ticket Female Apparel/Acc. Quintile,HIGH_TKT_F_APPRL_ACC_QUINT
HIGH_TKT_F_APPRL_ACC_RCY_PURCH,High Ticket Female Apparel/Acc. Recency of Purchase,HIGH_TKT_F_APPRL_ACC_RCY_PURCH
HIGH_TKT_HOME_DECOR_QUINT,High Ticket Home Decor Quintile,HIGH_TKT_HOME_DECOR_QUINT
HIGH_TKT_HOME_DECOR_RCY_PURCH,High Ticket Home Decor Recency of Purchase,HIGH_TKT_HOME_DECOR_RCY_PURCH
INTIMATE_APPRL_UG_QUINT,Intimate Apparel & Undergarments Quintile,INTIMATE_APPRL_UG_QUINT
INTIMATE_APPRL_UG_RCY_PURCH,Intimate Apparel & Undergarments Recency of Purchase,INTIMATE_APPRL_UG_RCY_PURCH
LOW_TKT_F_APPRL_ACC_QUINT,Low Ticket Female Apparel/Acc. Quintile,LOW_TKT_F_APPRL_ACC_QUINT
LOW_TKT_F_APPRL_ACC_RCY_PURCH,Low Ticket Female Apparel/Acc. Recency of Purchase,LOW_TKT_F_APPRL_ACC_RCY_PURCH
LOW_TO_MID_TKT_HOMEDEC_QUINT,Low to Mid Ticket Home Decor Quintile,LOW_TO_MID_TKT_HOMEDEC_QUINT
LOW_MID_TKT_HOMEDEC_RCY_PURCH,Low to Mid Ticket Home Decor Recency of Purchase,LOW_MID_TKT_HOMEDEC_RCY_PURCH
LOW_TKT_M_APPRL_QUINT,Low-Ticket Male Apparel Quintile,LOW_TKT_M_APPRL_QUINT
LOW_TKT_M_APPRL_RCY_PURCH,Low-Ticket Male Apparel Recency of Purchase,LOW_TKT_M_APPRL_RCY_PURCH
MAGAZINES_QUINT,Magazines Quintile,MAGAZINES_QUINT
MAGAZINES_RCY_PURCH,Magazines Recency of Purchase,MAGAZINES_RCY_PURCH
MID_HIGH_TKT_M_APPRL_QUINT,Mid & High Ticket Male Apparel Quintile,MID_HIGH_TKT_M_APPRL_QUINT
MID_HIGH_TKT_M_APPRL_RCY_PURCH,Mid & High Ticket Male Apparel Recency of Purchase,MID_HIGH_TKT_M_APPRL_RCY_PURCH
MID_TKT_F_APPRL_ACC_QUINT,Mid Ticket Female Apparel/Acc. Quintile,MID_TKT_F_APPRL_ACC_QUINT
MID_TKT_F_APPRL_ACC_RCY_PURCH,Mid Ticket Female Apparel/Acc.Recency of Purchase,MID_TKT_F_APPRL_ACC_RCY_PURCH
MODERN_DECOR_GIFTS_QUINT,Modern/Contemporary Decor&Gifts Quintile,
MODERN_DECOR_GIFT_RCY_PURCH,Modern/Contemporary Decor&Gifts Recency of Purchase,MODERN_DECOR_GIFT_RCY_PURCH
MUSIC_VIDEOS_QUINT,Music/Videos Quintile,MUSIC_VIDEOS_QUINT
MUSIC_VIDEOS_RCY_PURCH,Music/Videos Recency of Purchase,MUSIC_VIDEOS_RCY_PURCH
NEWSLETTERS_QUINT,Newsletters Quintile,NEWSLETTERS_QUINT
NEWSLETTERS_RCY_PURCH,Newsletters Recency of Purchase,NEWSLETTERS_RCY_PURCH
PUBLISH_KITCHEN_HOME_QUINT,Publishing Kitchen & Home Quintile,PUBLISH_KITCHEN_HOME_QUINT
PUBLISH_KITCHEN_HOME_RCY_PURCH,Publishing Kitchen & Home Recency of Purchase,PUBLISH_KITCHEN_HOME_RCY_PURCH
SR_PROD_QUINT,Blank Space,
SR_PROD_RCY_PURCH,Blank Space,
SHOES_QUINT,Shoes Quintile,SHOES_QUINT
SHOES_RCY_PURCH,Shoes Recency of Purchase,SHOES_RCY_PURCH
SPEC_FOOD_GIFT_QUINT,Specialty Foods and Gifts Quintile,SPEC_FOOD_GIFT_QUINT
SPEC_FOOD_GIFT_RCY_PURCH,Specialty Foods and Gifts Recency of Purchase,SPEC_FOOD_GIFT_RCY_PURCH
SPORTS_OUTDOOR_QUINT,Sports and Outdoor Quintile,SPORTS_OUTDOOR_QUINT
SPORTS_OUTDOOR_RCY_PURCH,Sports and Outdoor Recency of Purchase,SPORTS_OUTDOOR_RCY_PURCH
SPORTS_MERCH_ACTWEAR_QUINT,Sports Merchandise & Activewear Quintile,SPORTS_MERCH_ACTWEAR_QUINT
SPORTS_MERCH_ACTWEAR_RCY_PURCH,Sports Merchandise & Activewear Recency of Purchase,SPORTS_MERCH_ACTWEAR_RCY_PURCH
TOOLS_ELEC_QUINT,Tools & Electronics Quintile,TOOLS_ELEC_QUINT
TOOLS_ELEC_RCY_PURCH,Tools & Electronics Recency of Purchase,TOOLS_ELEC_RCY_PURCH
M_APPRL_QUINT,Male Apparel Quintile,M_APPRL_QUINT
M_APPRL_RCY_PURCH,Male Apparel Recency of Purchase,M_APPRL_RCY_PURCH
OTH_QUINT,Other Quintile,OTH_QUINT
OTH_RCY_PURCH,Other Recency of Purchase,OTH_RCY_PURCH
MT_ONLINE_TRANSACTOR,MT - Online Transactor,MT_ONLINE_TRANSACTOR
MT_VEHICLE_PURCHR,MT - Vehicle Purchaser,MT_VEHICLE_PURCHR
MT_AUTO_LOAN_PURCHR,MT - Auto Loan Purchasers,MT_AUTO_LOAN_PURCHR
MT_401K_OWNERS,MT - 401k Owners,MT_41K_OWNERS
MT_DEBIT_CARD_USER,MT - Debit Card User,MT_DEBIT_CARD_USER
MT_ONLINE_BROKER_USER,MT - Online Broker User,MT_ONLINE_BROKER_USER
MT_ONLINE_SAVINGS_USER,MT - Online Savings User,MT_ONLINE_SAVINGS_USER
MT_LOW_INTEREST_CC_USER,MT - Low Interest Credit Card User,MT_LOW_INTEREST_CC_USER
MT_REWARDS_CARD_CASH_BACK_USER,MT - Rewards Card - Cash Back User,MT_REWARDS_CARD_CASH_BACK_USER
MT_REWARDS_CARD_OTH_USER,MT - Rewards Card - Other User,MT_REWARDS_CARD_OTH_USER
MT_NATIONAL_BANK_CUSTR,MT - National Bank Customer,MT_NATIONAL_BANK_CUSTR
MT_REGIONAL_BANK_CUSTR,MT - Regional Bank Customer,MT_REGIONAL_BANK_CUSTR
MT_COMMUNITY_BANK_CUSTR,MT - Community Bank Customer,MT_COMMUNITY_BANK_CUSTR
MT_CREDIT_UNION_MEMB,MT - Credit Union Member,MT_CREDIT_UNION_MEMB
MT_INTEREST_CHECKINGPREF_CUSTR,MT - Interest Checking Preference Customers,MT_INTEREST_CHECKINGPREF_CUSTR
MT_FIN_ADVISOR_CUSTR,MT - Financial Advisor Customers,MT_FIN_ADVISOR_CUSTR
MT_CC_REVOLVERS,MT - Credit Card Revolvers,MT_CC_REVOLVERS
MT_NON_401K_MF_INVESTORS,MT - Non-401k Mutual Fund Investors,MT_NON_41K_MF_INVESTORS
MT_NON_401K_STK_BD_INVESTORS,MT - Non-401k Stocks/Bonds Investors,MT_NON_41K_STK_BD_INVESTORS
MT_DEBIT_CARD_USER2,MT - Debit Card User,MT_DEBIT_CARD_USER
MT_INVEST_TRUSTBANKPREF_CUSTR,MT - Investment/Trust Banking Preference Customers,MT_INVEST_TRUSTBANKPREF_CUSTR
MT_LIKELY_HAVE_MORTG,MT - Likely to have a Mortgage,MT_LIKELY_HAVE_MORTG
MT_LOYAL_FIN_INSTITUTION_CUSTR,MT - Loyal Financial Institution Customers,MT_LOYAL_FIN_INSTITUTION_CUSTR
MT_ONLINE_INSURANCE_BUYER,MT - Online Insurance Buyer,MT_ONLINE_INSURANCE_BUYER
MT_SECOND_HOMEOWNERS,MT - Second Homeowners,MT_SECOND_HOMEOWNERS
MT_TIMESHARE_OWNERS,MT - Timeshare Owners,MT_TIMESHARE_OWNERS
MT_FIN_INSTITUTION_SHOPPERS,MT - Financial Institution Shoppers,MT_FIN_INSTITUTION_SHOPPERS
MT_WEEKLY_ONLINE_BANKERS,MT - Weekly Online Bankers,MT_WEEKLY_ONLINE_BANKERS
MT_FREQ_ATM_CUSTR,MT - Frequent ATM Customers,MT_FREQ_ATM_CUSTR
MT_DEPOSIT_CUSTR,MT - Deposit Customers,MT_DEPOSIT_CUSTR
MT_LENDING_CUSTR,MT - Lending Customers,MT_LENDING_CUSTR
MT_CONVENIENCE_CUSTR,MT - Convenience Customers,MT_CONVENIENCE_CUSTR
MT_CC_ATTRITION_HH,MT - Credit Card Attrition Households,MT_CC_ATTRITION_HH
MT_EDU_SAVINGS_PLAN_OWNERS,MT - Education Savings Plan Owners,MT_EDU_SAVINGS_PLAN_OWNERS
MT_STUDENT_LOAN_CUSTR,MT - Student Loan Customers,MT_STUDENT_LOAN_CUSTR
MT_ACTIVE_ON_FB,MT - Socially Active on Facebook,MT_ACTIVE_ON_FB
MT_ACTIVE_ON_FB_BRAND_LIKERS,MT - Socially Active on Facebook - Brand Likers,MT_ACTIVE_ON_FB_BRAND_LIKERS
MT_ACTIVE_ON_FB_CATE_RECOMM,MT - Socially Active on Facebook - Category Recommenders,MT_ACTIVE_ON_FB_CATE_RECOMM
MT_TABLET_OWNERS,MT - Tablet Owners,MT_TABLET_OWNERS
MT_SOCIAL_MEDIA_PREF_CUSTR,MT - Social Media Preference Customers,MT_SOCIAL_MEDIA_PREF_CUSTR
MT_ACTIVE_ON_PINTEREST,MT - Socially Active on Pinterest,MT_ACTIVE_ON_PINTEREST
MT_ACTIVE_ON_TWITTER,MT - Socially Active on Twitter,MT_ACTIVE_ON_TWITTER
MT_IN_MKT_TO_PURCHASE_A_HOME,MT - In the Market to Purchase a Home,MT_IN_MKT_TO_PURCHASE_A_HOME
MT_IN_MKT_TO_GET_A_HOME_LOAN,MT - In the Market to Get a Home Loan,MT_IN_MKT_TO_GET_A_HOME_LOAN
MT_PRIM_CELL_PHONE_USERS,MT - Primary Cell Phone Users,MT_PRIM_CELL_PHONE_USERS
MT_WIRED_SERVICE_CUSTR,MT - Wired Service Customers,MT_WIRED_SERVICE_CUSTR
MT_SATELLITE_BUNDLE_SATELLITE_I_NET_HOME_OR_WIRELESS,MT - Satellite Bundle (satellite i-net home or wireless),MT_SATELLITE_BUNDLE_SATELLITE_I_NET_HOME_OR_WIRELESS
PROPENSITY_TO_BUY_LUX_VEH_SUV,Propensity to buy Luxury Vehicle (SUV/Car/Import),PROPENSITY_TO_BUY_LUX_VEH_SUV
PROPENSITY_BUY_MIDSIZE_CAR,Propensity to buy Midsize Car,PROPENSITY_BUY_MIDSIZE_CAR
PROPENSITY_BUY_MIDSIZE_SUV,Propensity to buy Midsize SUV,PROPENSITY_BUY_MIDSIZE_SUV
LIKELY_TO_LEASE_VEHICLE,Likely to lease Vehicle,LIKELY_TO_LEASE_VEHICLE
TYP_CC_AMERICAN_EXPRESS,Type of Credit Card - American Express,TYP_CC_AMERICAN_EXPRESS
TYP_CC_ANY_CC,Type of Credit Card - Any Credit Card,TYP_CC_ANY_CC
TYP_CC_BANK_CARD,Type of Credit Card - Bank Card,TYP_CC_BANK_CARD
TYP_CC_CATALOG_SHOWROOM,Type of Credit Card - Catalog Showroom,TYP_CC_CATALOG_SHOWROOM
TYP_CC_COMPUTER_ELECTRONIC,Type of Credit Card - Computer/Electronic,TYP_CC_COMPUTER_ELECTRONIC
TYP_CC_DEBIT_CARD,Type of Credit Card - Debit Card,TYP_CC_DEBIT_CARD
TYP_CC_FIN_CO_CARD,Type of Credit Card - Finance Co Card,TYP_CC_FIN_CO_CARD
TYP_CC_FURNITURE,Type of Credit Card - Furniture,TYP_CC_FURNITURE
TYP_CC_GROCERY,Type of Credit Card - Grocery,TYP_CC_GROCERY
TYP_CC_HOME_IMPROVEMENT,Type of Credit Card - Home Improvement,TYP_CC_HOME_IMPROVEMENT
TYP_CC_HOME_OFFICE_SUPPLY,Type of Credit Card - Home/Office Supply,TYP_CC_HOME_OFFICE_SUPPLY
TYP_CC_LOW_END_DEPART_STORE,Type of Credit Card - Low End Department Store,TYP_CC_LOW_END_DEPART_STORE
TYP_CC_MAIN_STR_RETAIL,Type of Credit Card - Main Street Retail,TYP_CC_MAIN_STR_RETAIL
TYP_CC_MASTERCARD,Type of Credit Card - Mastercard,TYP_CC_MASTERCARD
TYP_CC_MEMBERSHIP_WAREHOUSE,Type of Credit Card - Membership Warehouse,TYP_CC_MEMBERSHIP_WAREHOUSE
TYP_CC_MISC,Type of Credit Card - Miscellaneous,TYP_CC_MISC
TYP_CC_OIL_GAS_CARD,Type of Credit Card - Oil + Gas Card,TYP_CC_OIL_GAS_CARD
TYP_CC_SPECIALTY_APPRL,Type of Credit Card - Specialty Apparel,TYP_CC_SPECIALTY_APPRL
TYP_CC_SPORTING_GOODS,Type of Credit Card - Sporting Goods,TYP_CC_SPORTING_GOODS
TYP_CC_STD_RETAIL,Type of Credit Card - Standard Retail,TYP_CC_STD_RETAIL
TYP_CC_STD_SPECIALTY_CARD,Type of Credit Card - Standard Specialty Card,TYP_CC_STD_SPECIALTY_CARD
TYP_CC_TRAVEL_ENTERTAINMENT,Type of Credit Card - Travel + Entertainment,TYP_CC_TRAVEL_ENTERTAINMENT
TYP_CC_TV_MO,Type of Credit Card - TV Mail Order,TYP_CC_TV_MO
TYP_CC_UPSCALE_RETAIL,Type of Credit Card - Upscale Retail,TYP_CC_UPSCALE_RETAIL
TYP_CC_UPSCALE_SPEC_RETAIL,Type of Credit Card - Upscale Spec Retail,TYP_CC_UPSCALE_SPEC_RETAIL
TYP_CC_VISA,Type of Credit Card - Visa,TYP_CC_VISA
TOTALIST_MATCHCODE,Totalist Matchcode,TOTALIST_MATCHCODE
DMA,DMA(R),DMA
HOUSE_NUMBER,House Number,HOUSE_NUMBER
FRACTION,Fraction,FRACTION
STREET_PREFIX_DIRECTION,Street Prefix Direction,STREET_PREFIX_DIRECTION
STREET_NAME,Street Name,STREET_NAME
STREET_SUFFIX,Street Suffix,STREET_SUFFIX
STREET_POST_DIRECTION,Street Post Direction,STREET_POST_DIRECTION
ROUTE_DESIGNATOR_AND_NUMBER,Route Designator and Number,ROUTE_DESIGNATOR_AND_NUMBER
BOX_DESIGNATOR_AND_NUMBER,Box Designator and Number,BOX_DESIGNATOR_AND_NUMBER
SECONDARY_UNIT_DESIGNATION,Secondary Unit Designation,SECONDARY_UNIT_DESIGNATION
POLITICAL_PARTY_INDIVIDUAL_1,Political Party (Individual) #1,POLITICAL_PARTY_INDIVIDUAL_1
POLITICAL_PARTY_INDIVIDUAL_2,Political Party (Individual) #2,POLITICAL_PARTY_INDIVIDUAL_2
POLITICAL_PARTY_INDIVIDUAL_3,Political Party (Individual) #3,POLITICAL_PARTY_INDIVIDUAL_3
POLITICAL_PARTY_INDIVIDUAL_4,Political Party (Individual) #4,POLITICAL_PARTY_INDIVIDUAL_4
POLITICAL_PARTY_INDIVIDUAL_5,Political Party (Individual) #5,POLITICAL_PARTY_INDIVIDUAL_5
BIRTHDAY_DAY_INDICATOR_NO_RESTRICTED_SOURCE_ENHANCED_1,Birthday - Day Indicator - No Restricted Source (Enhanced) #1,BIRTHDAY_DAY_INDICATOR_NO_RESTRICTED_SOURCE_ENHANCED_1
BIRTHDAY_DAY_INDICATOR_NO_RESTRICTED_SOURCE_ENHANCED_2,Birthday - Day Indicator - No Restricted Source (Enhanced) #2,BIRTHDAY_DAY_INDICATOR_NO_RESTRICTED_SOURCE_ENHANCED_2
BIRTHDAY_DAY_INDICATOR_NO_RESTRICTED_SOURCE_ENHANCED_3,Birthday - Day Indicator - No Restricted Source (Enhanced) #3,BIRTHDAY_DAY_INDICATOR_NO_RESTRICTED_SOURCE_ENHANCED_3
BIRTHDAY_DAY_INDICATOR_NO_RESTRICTED_SOURCE_ENHANCED_4,Birthday - Day Indicator - No Restricted Source (Enhanced) #4,BIRTHDAY_DAY_INDICATOR_NO_RESTRICTED_SOURCE_ENHANCED_4
BIRTHDAY_DAY_INDICATOR_NO_RESTRICTED_SOURCE_ENHANCED_5,Birthday - Day Indicator - No Restricted Source (Enhanced) #5,BIRTHDAY_DAY_INDICATOR_NO_RESTRICTED_SOURCE_ENHANCED_5
PERSON_KEY_1,Person Key #1,PERSON_KEY_1
PERSON_KEY_2,Person Key #2,PERSON_KEY_2
PERSON_KEY_3,Person Key #3,PERSON_KEY_3
PERSON_KEY_4,Person Key #4,PERSON_KEY_4
PERSON_KEY_5,Person Key #5,PERSON_KEY_5
AGILITY_OCCUPANCY_SCORE_1,Agility Occupancy Score #1,AGILITY_OCCUPANCY_SCORE_1
AGILITY_OCCUPANCY_SCORE_2,Agility Occupancy Score #2,AGILITY_OCCUPANCY_SCORE_2
AGILITY_OCCUPANCY_SCORE_3,Agility Occupancy Score #3,AGILITY_OCCUPANCY_SCORE_3
AGILITY_OCCUPANCY_SCORE_4,Agility Occupancy Score #4,AGILITY_OCCUPANCY_SCORE_4
AGILITY_OCCUPANCY_SCORE_5,Agility Occupancy Score #5,AGILITY_OCCUPANCY_SCORE_5
ETHNIC_GROUP_CODE_HOUSEHOLD,Ethnic Group Code - Household,ETHNIC_GROUP_CODE_HOUSEHOLD
ETHNIC_HOUSEHOLD,Ethnic - Household,ETHNIC_HOUSEHOLD
BIRTHDATE_OF_1ST_CHILD_ENHANCED,Birthdate of 1st Child (Enhanced),BIRTHDATE_OF_1ST_CHILD_ENHANCED
BIRTHDATE_OF_1ST_CHILD_INDICATOR_ENHANCED,Birthdate of 1st Child Indicator (Enhanced),BIRTHDATE_OF_1ST_CHILD_INDICATOR_ENHANCED
GENDER_OF_CHILD_1_ENHANCED,Gender of Child 1 (Enhanced),GENDER_OF_CHILD_1_ENHANCED
BIRTHDATE_OF_2ND_CHILD_ENHANCED,Birthdate of 2nd Child (Enhanced),BIRTHDATE_OF_2ND_CHILD_ENHANCED
BIRTHDATE_OF_2ND_CHILD_INDICATOR_ENHANCED,Birthdate of 2nd Child Indicator (Enhanced),BIRTHDATE_OF_2ND_CHILD_INDICATOR_ENHANCED
GENDER_OF_CHILD_2_ENHANCED,Gender of Child 2 (Enhanced),GENDER_OF_CHILD_2_ENHANCED
BIRTHDATE_OF_3RD_CHILD_ENHANCED,Birthdate of 3rd Child (Enhanced),BIRTHDATE_OF_3RD_CHILD_ENHANCED
BIRTHDATE_OF_3RD_CHILD_INDICATOR_ENHANCED,Birthdate of 3rd Child Indicator (Enhanced),BIRTHDATE_OF_3RD_CHILD_INDICATOR_ENHANCED
GENDER_OF_CHILD_3_ENHANCED,Gender of Child 3 (Enhanced),GENDER_OF_CHILD_3_ENHANCED
BIRTHDATE_OF_4TH_CHILD_ENHANCED,Birthdate of 4th Child (Enhanced),BIRTHDATE_OF_4TH_CHILD_ENHANCED
BIRTHDATE_OF_4TH_CHILD_INDICATOR_ENHANCED,Birthdate of 4th Child Indicator (Enhanced),BIRTHDATE_OF_4TH_CHILD_INDICATOR_ENHANCED
GENDER_OF_CHILD_4_ENHANCED,Gender of Child 4 (Enhanced),GENDER_OF_CHILD_4_ENHANCED
LIFECYCLE_BABY_BOOMERS,LifeCycle - Baby Boomers,LIFECYCLE_BABY_BOOMERS
LIFECYCLE_DINKS_DUAL_INCOME_NO_KIDS,LifeCycle - DINKS - Dual Income No Kids,LIFECYCLE_DINKS_DUAL_INCOME_NO_KIDS
LIFECYCLE_FAMILY_TIES,LifeCycle - Family Ties,LIFECYCLE_FAMILY_TIES
LIFECYCLE_GENERATION_X,LifeCycle - Generation X,LIFECYCLE_GENERATION_X
LIFECYCLE_MILLENNIALS,LifeCycle - Millennials,LIFECYCLE_MILLENNIALS
LIFECYCLE_MILLENNIALS_BUTFIRSTLETMETAKEASELFIE,LifeCycle - Millennials: #butfirstletmetakeaselfie,LIFECYCLE_MILLENNIALS_BUTFIRSTLETMETAKEASELFIE
LIFECYCLE_MILLENNIALS_GETTINHITCHED,LifeCycle - Millennials: #gettinhitched,LIFECYCLE_MILLENNIALS_GETTINHITCHED
LIFECYCLE_MILLENNIALS_IMANADULT,LifeCycle - Millennials: #imanadult,LIFECYCLE_MILLENNIALS_IMANADULT
LIFECYCLE_MILLENNIALS_LIVESWITHMOM,LifeCycle - Millennials: #liveswithmom,LIFECYCLE_MILLENNIALS_LIVESWITHMOM
LIFECYCLE_MILLENNIALS_MOMLIFE,LifeCycle - Millennials: #momlife,LIFECYCLE_MILLENNIALS_MOMLIFE
LIFECYCLE_MILLENNIALS_PUTTINGDOWNROOTS,LifeCycle - Millennials: #puttingdownroots,LIFECYCLE_MILLENNIALS_PUTTINGDOWNROOTS
TARGET_VALUESCORE_20_ALL_MARKETERS,Target ValueScore(TM) 2.0: All Marketers,TARGET_VALUESCORE_2_ALL_MARKETERS
TARGET_VALUESCORE_20_AUTO_FINANCE_MARKETERS,Target ValueScore(TM) 2.0: Auto Finance Marketers,TARGET_VALUESCORE_2_AUTO_FINANCE_MARKETERS
TARGET_VALUESCORE_20_BANK_CARD_MARKETERS,Target ValueScore(TM) 2.0: Bank Card Marketers,TARGET_VALUESCORE_2_BANK_CARD_MARKETERS
TARGET_VALUESCORE_20_RETAIL_CARD_MARKETERS,Target ValueScore(TM) 2.0: Retail Card Marketers,TARGET_VALUESCORE_2_RETAIL_CARD_MARKETERS
ROOFTOP_LATITUDELONGITUDE_INDICATOR,Rooftop Latitude/Longitude Indicator,ROOFTOP_LATITUDELONGITUDE_INDICATOR
ROOFTOP_LATITUDE,Rooftop Latitude,ROOFTOP_LATITUDE
ROOFTOP_LONGITUDE,Rooftop Longitude,ROOFTOP_LONGITUDE
MT_ACA_HEALTH_INSURANCE_PURCHASERS,MT - ACA Health Insurance Purchasers,MT_ACA_HEALTH_INSURANCE_PURCHASERS
MT_AIRLINE_UPGRADERS,MT - Airline Upgraders,MT_AIRLINE_UPGRADERS
MT_AMAZON_PRIME_CUSTOMERS,MT - Amazon Prime Customers,MT_AMAZON_PRIME_CUSTOMERS
MT_ANIMAL_WELFARE_DONORS,MT - Animal Welfare Donors,MT_ANIMAL_WELFARE_DONORS
MT_ANNUITY_CUSTOMERS,MT - Annuity Customers,MT_ANNUITY_CUSTOMERS
MT_ATT_CELL_PHONE_CUSTOMER,MT - AT&T Cell Phone Customer,MT_ATT_CELL_PHONE_CUSTOMER
MT_AUTO_INSURANCE_AGENT_SOLD,MT - Auto Insurance - Agent Sold,MT_AUTO_INSURANCE_AGENT_SOLD
MT_AUTO_INSURANCE_CALL_CENTER_SOLD,MT - Auto Insurance - Call Center Sold,MT_AUTO_INSURANCE_CALL_CENTER_SOLD
MT_AUTO_INSURANCE_SELF_SERVE_ONLINE_BUYERS,MT - Auto Insurance - Self Serve Online Buyers,MT_AUTO_INSURANCE_SELF_SERVE_ONLINE_BUYERS
MT_AUTO_INSURANCE_PREM_LOYALTY_GIFTS_TELEMATICS_CUSTOMERS,MT - Auto Insurance Prem Loyalty Gifts Telematics Customers,MT_AUTO_INSURANCE_PREM_LOYALTY_GIFTS_TELEMATICS_CUSTOMERS
MT_AUTO_INSURANCE_PREMIUM_DISCOUNT_VIA_TELEMATICS_CUSTOMER,MT - Auto Insurance Premium Discount via Telematics Customer,MT_AUTO_INSURANCE_PREMIUM_DISCOUNT_VIA_TELEMATICS_CUSTOMER
MT_AUTO_WARRANTY_PURCHASERS,Blank Space,
MT_AVID_BOOK_READERS,MT - Avid Book Readers,
MT_AVID_MAGAZINE_READERS,MT - Avid Magazine Readers,MT_AVID_MAGAZINE_READERS
MT_BAR_AND_LOUNGE_FOOD_ENTHUSIASTS,MT - Bar and Lounge Food Enthusiasts,MT_BAR_AND_LOUNGE_FOOD_ENTHUSIASTS
MT_BARGAIN_HOTEL_SHOPPERS,MT - Bargain Hotel Shoppers,MT_BARGAIN_HOTEL_SHOPPERS
MT_BARGAIN_SHOPPERS,MT - Bargain Shoppers,MT_BARGAIN_SHOPPERS
MT_BASEBALL_ENTHUSIASTS,MT - Baseball Enthusiasts,MT_BASEBALL_ENTHUSIASTS
MT_BASKETBALL_ENTHUSIASTS,MT - Basketball Enthusiasts,MT_BASKETBALL_ENTHUSIASTS
MT_BIBLE_DEVOTIONAL_READERS,MT - Bible Devotional Readers,MT_BIBLE_DEVOTIONAL_READERS
MT_BOAT_OWNERS,MT - Boat Owners,MT_BOAT_OWNERS
MT_BOOK_READERS,MT - Book Readers,MT_BOOK_READERS
MT_BRAND_DRIVEN_HOME_CLEANERS,MT - Brand Driven Home Cleaners,MT_BRAND_DRIVEN_HOME_CLEANERS
MT_BRAND_LOYALISTS,MT - Brand Loyalists,MT_BRAND_LOYALISTS
MT_BRAND_MOTIVATED_LAUNDRY_USERS,MT - Brand Motivated Laundry Users,MT_BRAND_MOTIVATED_LAUNDRY_USERS
MT_BRAND_MOTIVATED_PERSONAL_CARE_PRODUCT_USERS,MT - Brand Motivated Personal Care Product Users,MT_BRAND_MOTIVATED_PERSONAL_CARE_PRODUCT_USERS
MT_BRANDED_RETAIL_CREDIT_CARD_USERS,MT - Branded Retail Credit Card Users,MT_BRANDED_RETAIL_CREDIT_CARD_USERS
MT_BUDGET_MEAL_PLANNERS,MT - Budget Meal Planners,MT_BUDGET_MEAL_PLANNERS
MT_BURIAL_INSURANCE_PURCHASER,MT - Burial Insurance Purchaser,MT_BURIAL_INSURANCE_PURCHASER
MT_BUSINESS_TRAVELER,MT - Business Traveler,MT_BUSINESS_TRAVELER
MT_CABLE_BUNDLE_CABLE_INTERNET_HOME_PHONE,MT - Cable Bundle (cable internet home phone),MT_CABLE_BUNDLE_CABLE_INTERNET_HOME_PHONE
MT_CABLE_TV_PREMIUM_SUBSCRIBERS,MT - Cable TV Premium Subscribers,MT_CABLE_TV_PREMIUM_SUBSCRIBERS
MT_CANCER_DONORS,MT - Cancer Donors,MT_CANCER_DONORS
MT_CARRY_OUT_ENTHUSIASTS,MT - Carry Out Enthusiasts,MT_CARRY_OUT_ENTHUSIASTS
MT_CASINO_GAMER,MT - Casino Gamer,MT_CASINO_GAMER
MT_CASUAL_DINING_ENTHUSIASTS,MT - Casual Dining Enthusiasts,MT_CASUAL_DINING_ENTHUSIASTS
MT_CATERING_DELIVERY_CUSTOMERS,MT - Catering - Delivery Customers,MT_CATERING_DELIVERY_CUSTOMERS
MT_CATERING_PICK_UP_CUSTOMERS,MT - Catering - Pick Up Customers,MT_CATERING_PICK_UP_CUSTOMERS
MT_CERTIFICATES_OF_DEPOSIT_CUSTOMERS,MT - Certificates of Deposit Customers,MT_CERTIFICATES_OF_DEPOSIT_CUSTOMERS
MT_CHILDRENS_CAUSES_DONORS,MT - Children's Causes Donors,MT_CHILDRENS_CAUSES_DONORS
MT_CHRISTIAN_OR_GOSPEL_MUSIC_ENTHUSIASTS,MT - Christian or Gospel Music Enthusiasts,MT_CHRISTIAN_OR_GOSPEL_MUSIC_ENTHUSIASTS
MT_CHRISTMAS_ORNAMENTSCOLLECTIBLES_BUYER,MT - Christmas Ornaments/Collectibles Buyer,MT_CHRISTMAS_ORNAMENTSCOLLECTIBLES_BUYER
MT_CIGARPIPE_ENTHUSIASTS,MT - Cigar/Pipe Enthusiasts,MT_CIGARPIPE_ENTHUSIASTS
MT_CLICK_TO_CART_HOME_DELIVERY_CUSTOMERS,MT - Click to Cart - Home Delivery Customers,MT_CLICK_TO_CART_PICK_UP_CUSTOMERS
MT_CLICK_TO_CART_PICK_UP_CUSTOMERS,MT - Click to Cart - Pick Up Customers,
MT_COFFEE_ENTHUSIASTS,MT - Coffee Enthusiasts,MT_COFFEE_ENTHUSIASTS
MT_COINS_COLLECTOR,MT - Coins Collector,MT_COINS_COLLECTOR
MT_CONSERVATIVE_CAUSES_DONORS,MT - Conservative Causes Donors,MT_CONSERVATIVE_CAUSES_DONORS
MT_CONSERVATIVE_INVESTMENT_STYLE_CONSUMERS,MT - Conservative Investment Style Consumers,MT_CONSERVATIVE_INVESTMENT_STYLE_CONSUMERS
MT_CONVENIENCE_COOK,MT - Convenience Cook,MT_CONVENIENCE_COOK
MT_CONVENIENCE_DRIVEN_PERSONAL_CARE_PRODUCT_USERS,MT - Convenience Driven Personal Care Product Users,MT_CONVENIENCE_DRIVEN_PERSONAL_CARE_PRODUCT_USERS
MT_CONVENIENCE_HOME_CLEANERS,MT - Convenience Home Cleaners,MT_CONVENIENCE_HOME_CLEANERS
MT_CORD_CUTTERS,MT - Cord Cutters,MT_CORD_CUTTERS
MT_COUNTRY_MUSIC_ENTHUSIASTS,MT - Country Music Enthusiasts,MT_COUNTRY_MUSIC_ENTHUSIASTS
MT_CREDIT_CARD_BALANCE_TRANSFER_USERS,MT - Credit Card Balance Transfer Users,MT_CREDIT_CARD_BALANCE_TRANSFER_USERS
MT_CULTURAL_ARTS__EVENTS_ATTENDEES,MT - Cultural Arts / Events Attendees,MT_CULTURAL_ARTS__EVENTS_ATTENDEES
MT_DEBIT_CARD_REWARDS_USERS,MT - Debit Card Rewards Users,MT_DEBIT_CARD_REWARDS_USERS
MT_DEMOCRATIC_VOTER,MT - Democratic Voter,MT_DEMOCRATIC_VOTER
MT_DIET_CONSCIOUS_HOUSEHOLDS,MT - Diet Conscious Households,MT_DIET_CONSCIOUS_HOUSEHOLDS
MT_DIRECT_MEDIA_PREFERENCE_CUSTOMERS,MT - Direct Media Preference Customers,MT_DIRECT_MEDIA_PREFERENCE_CUSTOMERS
MT_DO_IT_YOURSELFER,MT - Do it Yourselfer,MT_DO_IT_YOURSELFER
MT_EMPLOYER_PROVIDED_HEALTH_INSURANCE_POLICY_HOLDERS,MT - Employer Provided Health Insurance Policy Holders,MT_EMPLOYER_PROVIDED_HEALTH_INSURANCE_POLICY_HOLDERS
MT_ENTERTAINMENT_READERS,MT - Entertainment Readers,MT_ENTERTAINMENT_READERS
MT_ENVIRONMENTAL_DONORS,MT - Environmental Donors,MT_ENVIRONMENTAL_DONORS
MT_ENVIRONMENTALLY_FOCUSED_HOUSEHOLD,MT - Environmentally Focused Household,MT_ENVIRONMENTALLY_FOCUSED_HOUSEHOLD
MT_EVERYDAY_LOW_PRICE_SHOPPERS,MT - Everyday Low Price Shoppers,MT_EVERYDAY_LOW_PRICE_SHOPPERS
MT_EXPERIMENTAL_COOKS,MT - Experimental Cooks,MT_EXPERIMENTAL_COOKS
MT_EXTREME_FITNESS_ENTHUSIASTS,MT - Extreme Fitness Enthusiasts,MT_EXTREME_FITNESS_ENTHUSIASTS
MT_FINANCIALHEALTH_NEWSLETTER_SUBSCRIBERS,MT - Financial/Health Newsletter Subscribers,MT_FINANCIALHEALTH_NEWSLETTER_SUBSCRIBERS
MT_FINE_DINING_ENTHUSIASTS,MT - Fine Dining Enthusiasts,MT_FINE_DINING_ENTHUSIASTS
MT_FOOTBALL_ENTHUSIASTS,MT - Football Enthusiasts,MT_FOOTBALL_ENTHUSIASTS
MT_FREQUENT_MOBILE_PURCHASERS,MT - Frequent Mobile Purchasers,MT_FREQUENT_MOBILE_PURCHASERS
MT_FREQUENT_ONLINE_MOVIE_VIEWERS,MT - Frequent Online Movie Viewers,MT_FREQUENT_ONLINE_MOVIE_VIEWERS
MT_FREQUENT_ONLINE_MUSIC_PURCHASERS,MT - Frequent Online Music Purchasers,MT_FREQUENT_ONLINE_MUSIC_PURCHASERS
MT_FREQUENT_TAKEOUT_FOOD_HH,MT - Frequent Takeout Food HH,MT_FREQUENT_TAKEOUT_FOOD_HH
MT_FRESH_FOOD_SEEKERS,MT - Fresh Food Seekers,MT_FRESH_FOOD_SEEKERS
MT_FUTURE_INVESTORS,MT - Future Investors,MT_FUTURE_INVESTORS
MT_GAMERS,MT - Gamers,MT_GAMERS
MT_GREEN_PRODUCT_PURCHASERS,MT - Green Product Purchasers,MT_GREEN_PRODUCT_PURCHASERS
MT_GROCERY_LOYALTY_CARD_CUSTOMERS,MT - Grocery Loyalty Card Customers,MT_GROCERY_LOYALTY_CARD_CUSTOMERS
MT_HEAVY_CLEANER,MT - Heavy Cleaner,MT_HEAVY_CLEANER
MT_HEAVY_COUPON_USERS,MT - Heavy Coupon Users,MT_HEAVY_COUPON_USERS
MT_HEAVY_FIBER_FOCUSED_FOOD_BUYERS,MT - Heavy Fiber Focused Food Buyers,MT_HEAVY_FIBER_FOCUSED_FOOD_BUYERS
MT_HEAVY_GLUTEN_FREE_FOOD_BUYERS,MT - Heavy Gluten Free Food Buyers,MT_HEAVY_GLUTEN_FREE_FOOD_BUYERS
MT_HEAVY_LOW_FAT_FOOD_BUYERS,MT - Heavy Low Fat Food Buyers,MT_HEAVY_LOW_FAT_FOOD_BUYERS
MT_HIGH_DOLLAR_OTHER_CAUSES_NON_RELIGIOUS_DONOR,MT - High Dollar Other Causes (non-Religious) Donor,MT_HIGH_DOLLAR_OTHER_CAUSES_NON_RELIGIOUS_DONOR
MT_HIGH_DOLLAR_RELIGIOUS_CAUSES_DONOR,MT - High Dollar Religious Causes Donor,MT_HIGH_DOLLAR_RELIGIOUS_CAUSES_DONOR
MT_HIGH_END_SHOPPERS,MT - High-end Shoppers,MT_HIGH_END_SHOPPERS
MT_HOME_CLEANING_NEW_PRODUCT_SEEKERS,MT - Home Cleaning New Product Seekers,MT_HOME_CLEANING_NEW_PRODUCT_SEEKERS
MT_HOME_WARRANTY_PURCHASERS,MT - Home Warranty Purchasers,MT_HOME_WARRANTY_PURCHASERS
MT_HOTEL_LOYALTY_PROGRAM_MEMBERS,MT - Hotel Loyalty Program Members,MT_HOTEL_LOYALTY_PROGRAM_MEMBERS
MT_IDENTITY_THEFT_PROTECTION_PURCHASERS,MT - Identity Theft Protection Purchasers,MT_IDENTITY_THEFT_PROTECTION_PURCHASERS
MT_IMPULSE_PURCHASERS,MT - Impulse Purchasers,MT_IMPULSE_PURCHASERS
MT_INCENTIVE_SEEKERS,Blank Space,
MT_INDEPENDENT_VOTERS,MT - Independent Voters,MT_INDEPENDENT_VOTERS
MT_INSURANCE_SWITCHER,MT - Insurance Switcher,MT_INSURANCE_SWITCHER
MT_INTERNATIONAL_TRAVELER,MT - International Traveler,MT_INTERNATIONAL_TRAVELER
MT_INTERNATIONAL_WIRELESS_OR_LANDLINE_CUSTOMERS,MT - International: Wireless or Landline Customers,MT_INTERNATIONAL_WIRELESS_OR_LANDLINE_CUSTOMERS
MT_INTERNET_RESEARCH_PREFERENCE_CUSTOMERS,MT - Internet Research Preference Customers,MT_INTERNET_RESEARCH_PREFERENCE_CUSTOMERS
MT_JOB_SWITCHERS,MT - Job Switchers,MT_JOB_SWITCHERS
MT_KROGER_ENTHUSIASTS,MT - Kroger Enthusiasts,MT_KROGER_ENTHUSIASTS
MT_LABEL_READERS,MT - Label Readers,MT_LABEL_READERS
MT_LATIN_MUSIC_ENTHUSIASTS,MT - Latin Music Enthusiasts,MT_LATIN_MUSIC_ENTHUSIASTS
MT_LAUNDRY_NEW_PRODUCT_SEEKERS,MT - Laundry New Product Seekers,MT_LAUNDRY_NEW_PRODUCT_SEEKERS
MT_LIBERAL_CAUSES_DONORS,MT - Liberal Causes Donors,MT_LIBERAL_CAUSES_DONORS
MT_LIKELY_CRUISER,MT - Likely Cruiser,MT_LIKELY_CRUISER
MT_LIKELY_MORTGAGE_REFINANCERS,MT - Likely Mortgage Refinancers,MT_LIKELY_MORTGAGE_REFINANCERS
MT_LIKELY_PLANNED_GIVERS,MT - Likely Planned Givers,MT_LIKELY_PLANNED_GIVERS
MT_LIKELY_TO_SUFFER_FROM_INSOMNIA,MT - Likely to Suffer from Insomnia,MT_LIKELY_TO_SUFFER_FROM_INSOMNIA
MT_LIKELY_TO_USE_AN_INVESTMENT_BROKER,MT - Likely to Use an Investment Broker,MT_LIKELY_TO_USE_AN_INVESTMENT_BROKER
MT_LIKELY_VOTERS,MT - Likely Voters,MT_LIKELY_VOTERS
MT_LIVE_MUSIC_CONCERT_ATTENDEES,MT - Live Music Concert Attendees,MT_LIVE_MUSIC_CONCERT_ATTENDEES
MT_LONG_TERM_CARE,MT - Long Term Care,MT_LONG_TERM_CARE
MT_MAGAZINE_READERS,MT - Magazine Readers,MT_MAGAZINE_READERS
MT_MASTER_COOK,MT - Master Cook,MT_MASTER_COOK
MT_MEAL_PLANNERS,MT - Meal Planners,MT_MEAL_PLANNERS
MT_MEDICAID_POTENTIAL_QUALIFIED_HOUSEHOLD,MT - Medicaid Potential Qualified Household,MT_MEDICAID_POTENTIAL_QUALIFIED_HOUSEHOLD
MT_MEDICARE_ADVANTAGE_PLAN_PURCHASERS,MT - Medicare Advantage Plan Purchasers,MT_MEDICARE_ADVANTAGE_PLAN_PURCHASERS
MT_MEDICARE_DUAL_ELIGIBLE_HOUSEHOLD,MT - Medicare Dual Eligible Household,MT_MEDICARE_DUAL_ELIGIBLE_HOUSEHOLD
MT_MEDICARE_PLAN_D_PRESCRIPTION_DRUG_HEALTH_PURCHASER,MT - Medicare Plan D Prescription Drug (Health) Purchaser,MT_MEDICARE_PLAN_D_PRESCRIPTION_DRUG_HEALTH_PURCHASER
MT_MEDICARE_SUPPLEMENT_INSURANCE_PURCHASERS,MT - Medicare Supplement Insurance Purchasers,MT_MEDICARE_SUPPLEMENT_INSURANCE_PURCHASERS
MT_MENS_BIG_AND_TALL_APPAREL_CUSTOMERS,MT - Mens Big and Tall Apparel Customers,MT_MENS_BIG_AND_TALL_APPAREL_CUSTOMERS
MT_MIDMARKET_TERM_LIFE_INSURANCE_PURCHASERS,MT - Midmarket Term Life Insurance Purchasers,MT_MIDMARKET_TERM_LIFE_INSURANCE_PURCHASERS
MT_MIDMARKET_WHOLE_LIFE_INSURANCE_PURCHASERS,MT - Midmarket Whole Life Insurance Purchasers,MT_MIDMARKET_WHOLE_LIFE_INSURANCE_PURCHASERS
MT_MOBILE_BANKING_USERS,MT - Mobile Banking Users,MT_MOBILE_BANKING_USERS
MT_MOBILE_BROWSERS,MT - Mobile Browsers,MT_MOBILE_BROWSERS
MT_MOBILE_SHOPPING_LIST_USERS,MT - Mobile Shopping List Users,
MT_MONITORED_HOME_SECURITY_SYSTEM_OWNERS,MT - Monitored Home Security System Owners,MT_MONITORED_HOME_SECURITY_SYSTEM_OWNERS
MT_MULTI_POLICY_INSURANCE_OWNERS,MT - Multi-Policy Insurance Owners,MT_MULTI_POLICY_INSURANCE_OWNERS
MT_MULTI_RETAILER_SHOPPERS,MT - Multi-Retailer Shoppers,MT_MULTI_RETAILER_SHOPPERS
MT_NASCAR_ENTHUSIASTS,MT - NASCAR Enthusiasts,MT_NASCAR_ENTHUSIASTS
MT_NATURAL__GREEN_PRODUCT_HOME_CLEANERS,MT - Natural / Green Product Home Cleaners,MT_NATURAL__GREEN_PRODUCT_HOME_CLEANERS
MT_NATURAL_PRODUCT_PERSONAL_CARE_PRODUCT_USERS,MT - Natural Product Personal Care Product Users,MT_NATURAL_PRODUCT_PERSONAL_CARE_PRODUCT_USERS
MT_NEW_LUXURY_VEHICLE_PURCHASERS,MT - New Luxury Vehicle Purchasers,MT_NEW_LUXURY_VEHICLE_PURCHASERS
MT_NEW_NON_LUXURY_VEHICLE_PURCHASERS,MT - New non-Luxury Vehicle Purchasers,MT_NEW_NON_LUXURY_VEHICLE_PURCHASERS
MT_NEW_ROOF_CUSTOMERS,MT - New Roof Customers,MT_NEW_ROOF_CUSTOMERS
MT_ON_DEMAND_MOVIE_SUBSCRIBERS,MT - On Demand Movie Subscribers,MT_ON_DEMAND_MOVIE_SUBSCRIBERS
MT_ONE_STOP_SHOPPERS,MT - One-Stop Shoppers,MT_ONE_STOP_SHOPPERS
MT_ONLINE_DELIVERY_RESTAURANT_CUSTOMERS,MT - Online - Delivery Restaurant Customers,MT_ONLINE_DELIVERY_RESTAURANT_CUSTOMERS
MT_ONLINE_PICK_UP_RESTAURANT_CUSTOMERS,MT - Online - Pick Up Restaurant Customers,MT_ONLINE_PICK_UP_RESTAURANT_CUSTOMERS
MT_ONLINE_DEGREEEDUCATION_SEEKERS,MT - Online Degree/Education Seekers,
MT_ONLINE_HOME_CLEANING_PRODUCT_BUYERS,MT - Online Home Cleaning Product Buyers,MT_ONLINE_HOME_CLEANING_PRODUCT_BUYERS
MT_ONLINE_LAUNDRY_PRODUCT_BUYERS,MT - Online Laundry Product Buyers,MT_ONLINE_LAUNDRY_PRODUCT_BUYERS
MT_ONLINE_MAGAZINENEWSPAPER_SUBSCRIBERS,MT - Online Magazine/Newspaper Subscribers,MT_ONLINE_MAGAZINENEWSPAPER_SUBSCRIBERS
MT_ONLINE_PERSONAL_CARE_PRODUCT_BUYERS,MT - Online Personal Care Product Buyers,MT_ONLINE_PERSONAL_CARE_PRODUCT_BUYERS
MT_ONLINE_PET_FOOD_BUYERS,MT - Online Pet Food Buyers,MT_ONLINE_PET_FOOD_BUYERS
MT_ORGANIC_FOOD_PURCHASERS,MT - Organic Food Purchasers,MT_ORGANIC_FOOD_PURCHASERS
MT_ORGANIC_PRODUCT_PURCHASERS,MT - Organic Product Purchasers,MT_ORGANIC_PRODUCT_PURCHASERS
MT_PAPER_SHOPPING_LIST_USERS,MT - Paper Shopping List Users,MT_PAPER_SHOPPING_LIST_USERS
MT_PAYCHECK_TO_PAYCHECK_CONSUMERS,MT - Paycheck to Paycheck Consumers,MT_PAYCHECK_TO_PAYCHECK_CONSUMERS
MT_PERSONAL_CARE_NEW_PRODUCT_SEEKERS,MT - Personal Care New Product Seekers,MT_PERSONAL_CARE_NEW_PRODUCT_SEEKERS
MT_PERSONAL_TRAVELER,MT - Personal Traveler,MT_PERSONAL_TRAVELER
MT_PET_OWNERS,MT - Pet Owners,MT_PET_OWNERS
MT_PETS_ARE_FAMILY,MT - Pets Are Family,MT_PETS_ARE_FAMILY
MT_PLAN_TO_GET_FITNESS_MEMBERSHIP,MT - Plan to get Fitness Membership,MT_PLAN_TO_GET_FITNESS_MEMBERSHIP
MT_PLAN_TO_PURCHASE_HOME_SECURITY_SYSTEMS,MT - Plan to Purchase Home Security Systems,MT_PLAN_TO_PURCHASE_HOME_SECURITY_SYSTEMS
MT_PRE_SHOP_PLANNERS,MT - Pre-Shop Planners,MT_PRE_SHOP_PLANNERS
MT_PREMIUM_NATURAL_HOME_CLEANERS,MT - Premium Natural Home Cleaners,
MT_PREMIUM_NATURAL_LAUNDRY_PRODUCT_BUYERS,MT - Premium Natural Laundry Product Buyers,MT_PREMIUM_NATURAL_LAUNDRY_PRODUCT_BUYERS
MT_PREMIUM_NATURAL_PERSONAL_CARE_PRODUCT_USERS,MT - Premium Natural Personal Care Product Users,MT_PREMIUM_NATURAL_PERSONAL_CARE_PRODUCT_USERS
MT_PREPAID_CARD_OWNERS,MT - Prepaid Card Owners,MT_PREPAID_CARD_OWNERS
MT_PRICE_DRIVEN_HOME_CLEANERS,MT - Price Driven Home Cleaners,MT_PRICE_DRIVEN_HOME_CLEANERS
MT_PRICE_MATCHERS,MT - Price Matchers,MT_PRICE_MATCHERS
MT_PRICE_MOTIVATED_LAUNDRY_PRODUCT_USERS,MT - Price Motivated Laundry Product Users,MT_PRICE_MOTIVATED_LAUNDRY_PRODUCT_USERS
MT_PRICE_MOTIVATED_PERSONAL_CARE_PRODUCT_USERS,MT - Price Motivated Personal Care Product Users,MT_PRICE_MOTIVATED_PERSONAL_CARE_PRODUCT_USERS
MT_PRIVATE_LABEL_SHOPPER,MT - Private Label Shopper,MT_PRIVATE_LABEL_SHOPPER
MT_PROFESSIONAL_SPORTS_EVENTS_ATTENDEES,MT - Professional Sports Events Attendees,MT_PROFESSIONAL_SPORTS_EVENTS_ATTENDEES
MT_PUBLIC_TRANSPORTATION_USERS,MT - Public Transportation Users,MT_PUBLIC_TRANSPORTATION_USERS
MT_QUANTUM_UPGRADE_CUSTOMERS,MT - Quantum Upgrade Customers,MT_QUANTUM_UPGRADE_CUSTOMERS
MT_QUICK_SERVICE_RESTAURANT_ENTHUSIASTS,MT - Quick Service Restaurant Enthusiasts,MT_QUICK_SERVICE_RESTAURANT_ENTHUSIASTS
MT_QUICK_SHOP_AT_WALMART_OR_TARGET,MT - Quick Shop at Walmart or Target,MT_QUICK_SHOP_AT_WALMART_OR_TARGET
MT_REAL_INGREDIENT_COOK,MT - Real Ingredient Cook,MT_REAL_INGREDIENT_COOK
MT_RENTERS_AND_AUTO_INSURANCE_JOINT_POLICY_HOLDERS,MT - Renters and Auto Insurance Joint Policy Holders,MT_RENTERS_AND_AUTO_INSURANCE_JOINT_POLICY_HOLDERS
MT_REPUBLICAN_VOTER,MT - Republican Voter,MT_REPUBLICAN_VOTER
MT_RESTAURANT_APP_USERS,MT - Restaurant App Users,MT_RESTAURANT_APP_USERS
MT_RESTAURANT_LOYALTY_APP_USERS,MT - Restaurant Loyalty App Users,MT_RESTAURANT_LOYALTY_APP_USERS
MT_RESTAURANT_LOYALTY_CARD_CUSTOMERS,MT - Restaurant Loyalty Card Customers,MT_RESTAURANT_LOYALTY_CARD_CUSTOMERS
MT_RETAIL_TEXTERS,MT - Retail Texters,MT_RETAIL_TEXTERS
MT_RETAILER_CIRCULAR_READERS,MT - Retailer Circular Readers,MT_RETAILER_CIRCULAR_READERS
MT_RETAILER_EMAIL_SUBSCRIBERS,MT - Retailer Email Subscribers,MT_RETAILER_EMAIL_SUBSCRIBERS
MT_RETIRED_BUT_STILL_WORKING,MT - Retired but Still Working,MT_RETIRED_BUT_STILL_WORKING
MT_ROMANCE_READERS,MT - Romance Readers,MT_ROMANCE_READERS
MT_SATELLITE_RADIO_SUBSCRIBERS,MT - Satellite Radio Subscribers,MT_SATELLITE_RADIO_SUBSCRIBERS
MT_SCENT_SEEKERS,MT - Scent Seekers,MT_SCENT_SEEKERS
MT_SELF_PAY_HEALTH_INSURANCE,MT - Self Pay Health Insurance,MT_SELF_PAY_HEALTH_INSURANCE
MT_SELF_INSURED_DENTAL_CUSTOMERS,MT - Self-Insured Dental Customers,MT_SELF_INSURED_DENTAL_CUSTOMERS
MT_SENIOR_CAREGIVERS,MT - Senior Caregivers,MT_SENIOR_CAREGIVERS
MT_SENIOR_LIVING_SEARCHERS,MT - Senior Living Searchers,MT_SENIOR_LIVING_SEARCHERS
MT_SMART_PHONE_USER,MT - Smart Phone User,MT_SMART_PHONE_USER
MT_SOCCER_ENTHUSIASTS,MT - Soccer Enthusiasts,MT_SOCCER_ENTHUSIASTS
MT_SOLAR_ROOFING_INTEREST,MT - Solar Roofing Interest,MT_SOLAR_ROOFING_INTEREST
MT_SPORTS_READERS,MT - Sports Readers,MT_SPORTS_READERS
MT_SPRINT_CELL_PHONE_CUSTOMER,MT - Sprint Cell Phone Customer,MT_SPRINT_CELL_PHONE_CUSTOMER
MT_STOCK_UP_AT_GROCERY_STORES,MT - Stock-Up at Grocery Stores,MT_STOCK_UP_AT_GROCERY_STORES
MT_STOCK_UP_AT_WALMART,MT - Stock-Up at Walmart,MT_STOCK_UP_AT_WALMART
MT_STOCK_UP_SHOPPERS,MT - Stock-Up Shoppers,MT_STOCK_UP_SHOPPERS
MT_SUBSCRIPTION_OR_AUTO_SHIPMENT_CUSTOMERS,MT - Subscr or Auto-shipment Customers,MT_SUBSCRIPTION_OR_AUTO_SHIPMENT_CUSTOMERS
MT_SWING_VOTERS,MT - Swing Voters,MT_SWING_VOTERS
MT_T_MOBILE_CELL_PHONE_CUSTOMER,MT - T-Mobile Cell Phone Customer,MT_T_MOBILE_CELL_PHONE_CUSTOMER
MT_TARGET_CARTWHEEL_USERS,MT - Target Cartwheel Users,MT_TARGET_CARTWHEEL_USERS
MT_TARGET_ENTHUSIAST,MT - Target Enthusiast,MT_TARGET_ENTHUSIAST
MT_TECHNOLOGY_EARLY_ADOPTERS,MT - Technology Early Adopters,MT_TECHNOLOGY_EARLY_ADOPTERS
MT_TERM_LIFE,MT - Term Life,MT_TERM_LIFE
MT_UBERLYFT_USERS,MT - Uber/Lyft Users,MT_UBERLYFT_USERS
MT_UBI_PURCHASER,MT - UBI Purchaser,MT_UBI_PURCHASER
MT_UNDERBANKED_CONSUMERS,MT - Underbanked Consumers,MT_UNDERBANKED_CONSUMERS
MT_UNINSURED_FOR_HEALTH,MT - Uninsured for Health,MT_UNINSURED_FOR_HEALTH
MT_UNSCENTED_PRODUCT_SEEKERS,MT - Unscented Product Seekers,MT_UNSCENTED_PRODUCT_SEEKERS
MT_UPCOMING_RETIREES_50_64,MT - Upcoming Retirees 50-64,MT_UPCOMING_RETIREES_5_64
MT_UPCOMING_RETIREES_65_AND_OLDER,MT - Upcoming Retirees-65 and Older,MT_UPCOMING_RETIREES_65_AND_OLDER
MT_VACATION_SPENDERS,MT - Vacation Spenders,MT_VACATION_SPENDERS
MT_VALUE_CHAINS_ENTHUSIASTS,MT - Value Chains Enthusiasts,MT_VALUE_CHAINS_ENTHUSIASTS
MT_VEHICLE_DIYRS,MT - Vehicle DIY'rs,MT_VEHICLE_DIYRS
MT_VEHICLE_SERVICE_CENTER_USERS,MT - Vehicle Service Center Users,MT_VEHICLE_SERVICE_CENTER_USERS
MT_VERIZON_CELL_PHONE_CUSTOMER,MT - Verizon Cell Phone Customer,MT_VERIZON_CELL_PHONE_CUSTOMER
MT_VETERAN_DONORS,MT - Veteran Donors,MT_VETERAN_DONORS
MT_VETERINARIAN_INFLUENCED_PET_OWNERS,MT - Veterinarian Influenced Pet Owners,MT_VETERINARIAN_INFLUENCED_PET_OWNERS
MT_VOIP_LANDLINECUSTOMERS,MT - VOIP Landline Customers,MT_VOIP_LANDLINECUSTOMERS
MT_WALMART_ENTHUSIAST,MT - Walmart Enthusiast,MT_WALMART_ENTHUSIAST
MT_WALMART_SAVING_CATCHER_USERS,MT - Walmart Saving Catcher Users,MT_WALMART_SAVING_CATCHER_USERS
MT_WEARABLE_TECHNOLOGY_USERS,MT - Wearable Technology Users,MT_WEARABLE_TECHNOLOGY_USERS
MT_WEB_AND_BRICK__MORTAR_VIEWERONLINE_PURCHASERS,MT - Web and Brick & Mortar Viewer/Online Purchasers,MT_WEB_AND_BRICK__MORTAR_VIEWERONLINE_PURCHASERS
MT_WEB_SURFERBRICK__MORTAR_PURCHASERS,MT - Web Surfer/Brick & Mortar Purchasers,MT_WEB_SURFERBRICK__MORTAR_PURCHASERS
MT_WELLNESS_HOUSEHOLDS_HEALTH,MT - Wellness Households (Health),MT_WELLNESS_HOUSEHOLDS_HEALTH
MT_WHATS_ON_SALE_SHOPPERS,MT - What's On Sale Shoppers,MT_WHATS_ON_SALE_SHOPPERS
MT_WHOLE_LIFE,MT - Whole Life,MT_WHOLE_LIFE
MT_WIRED_LINE_VIDEO_CONNECTORS,MT - Wired Line Video Connectors,MT_WIRED_LINE_VIDEO_CONNECTORS
MT_WOMENS_PLUS_SIZE_APPAREL_CUSTOMERS,MT - Womens Plus Size Apparel Customers,MT_WOMENS_PLUS_SIZE_APPAREL_CUSTOMERS
MT_WORK_FOR_SMALL_COMPANY_OFFERING_HEALTH_INSURANCE,MT - Work for Small Company Offering Health Insurance,MT_WORK_FOR_SMALL_COMPANY_OFFERING_HEALTH_INSURANCE
MT_YOGAPILATES_ENTHUSIAST,MT - Yoga/Pilates Enthusiast,MT_YOGAPILATES_ENTHUSIAST
MT_BREAKFAST_DINING_ENTHUSIASTS,MT - Breakfast Dining Enthusiasts,MT_BREAKFAST_DINING_ENTHUSIASTS
MT_LUNCH_DINING_ENTHUSIASTS,MT - Lunch Dining Enthusiasts,MT_LUNCH_DINING_ENTHUSIASTS
MT_QSR_CASH_CUSTOMERS,MT - QSR Cash Customers,MT_QSR_CASH_CUSTOMERS
MT_MEAL_COMBO_CONSUMERS,MT - Meal Combo Consumers,MT_MEAL_COMBO_CONSUMERS
MT_LOW_SODIUM_CONSUMERS,MT - Low Sodium Consumers,MT_LOW_SODIUM_CONSUMERS
MT_DINNER_DINING_ENTHUSIASTS,MT - Dinner Dining Enthusiasts,MT_DINNER_DINING_ENTHUSIASTS
MT_FRESH_FOOD_DELIVERY_CONSUMERS,MT - Fresh Food Delivery Consumers,MT_FRESH_FOOD_DELIVERY_CONSUMERS
MT_GROCERY_STORE_FREQUENTERS,MT - Grocery Store Frequenters,MT_GROCERY_STORE_FREQUENTERS
MT_GROCERY_STORE_APP_USERS,MT - Grocery Store App Users,MT_GROCERY_STORE_APP_USERS
MT_VEGETARIANS,MT - Vegetarians,MT_VEGETARIANS
MT_FREQUENT_MOVIE_ENTHUSIASTS,MT - Frequent Movie Enthusiasts,MT_FREQUENT_MOVIE_ENTHUSIASTS
MT_MOVIE_LOYALTY_PROGRAM_MEMBERS,MT - Movie Loyalty Program Members,MT_MOVIE_LOYALTY_PROGRAM_MEMBERS
MT_OPENING_WEEKEND_MOVIE_ENTHUSIASTS,MT - Opening Weekend Movie Enthusiasts,MT_OPENING_WEEKEND_MOVIE_ENTHUSIASTS
MT_PAID_STREAMING_ENTHUSIASTS,MT - Paid Streaming Enthusiasts,MT_PAID_STREAMING_ENTHUSIASTS
MT_FREE_STREAMING_ENTHUSIASTS,MT - Free Streaming Enthusiasts,MT_FREE_STREAMING_ENTHUSIASTS
MT_SMART_TV_OWNERS,MT - Smart TV Owners,MT_SMART_TV_OWNERS
MT_HOME_SHOPPING_NETWORK_ENTHUSIASTS,MT - Home Shopping Network Enthusiasts,MT_HOME_SHOPPING_NETWORK_ENTHUSIASTS
MT_MOBILE_PHONE_SERVICE_SWITCHERS,MT - Mobile Phone Service Switchers,MT_MOBILE_PHONE_SERVICE_SWITCHERS
MT_DISCOUNT_MOVIE_ENTHUSIASTS,MT - Discount Movie Enthusiasts,MT_DISCOUNT_MOVIE_ENTHUSIASTS
MT_APPLE_SMART_PHONE_OWNERS,MT - Apple Smart Phone Owners,MT_APPLE_SMART_PHONE_OWNERS
MT_ANDROID_SMART_PHONE_OWNERS,MT - Android Smart Phone Owners,MT_ANDROID_SMART_PHONE_OWNERS
MT_ART_HOUSE_MOVIE_ENTHUSIASTS,MT - Art House Movie Enthusiasts,MT_ART_HOUSE_MOVIE_ENTHUSIASTS
MT_FANTASY_SPORTS_ENTHUSIASTS,MT - Fantasy Sports Enthusiasts,MT_FANTASY_SPORTS_ENTHUSIASTS
MT_HOME_REMODELERS,MT - Home Remodelers,MT_HOME_REMODELERS
MT_MEDITATION_ENTHUSIAST,MT - Meditation Enthusiast,MT_MEDITATION_ENTHUSIAST
MT_MEAL_KIT_DELIVERY_CONSUMERS,MT - Meal Kit Delivery Consumers,MT_MEAL_KIT_DELIVERY_CONSUMERS
VEHICLE_CATEGORY_LUXURY_CARS,Vehicle Category - Luxury Cars,VEHICLE_CATEGORY_LUXURY_CARS
VEHICLE_CATEGORY_PASSENGER_CARS,Vehicle Category - Passenger Cars,VEHICLE_CATEGORY_PASSENGER_CARS
VEHICLE_CATEGORY_SPORT_CARS,Vehicle Category - Sport Cars,VEHICLE_CATEGORY_SPORT_CARS
VEHICLE_CATEGORY_SUV,Vehicle Category - SUV,VEHICLE_CATEGORY_SUV
VEHICLE_CATEGORY_TRUCKS,Vehicle Category - Trucks,VEHICLE_CATEGORY_TRUCKS
VEHICLE_CATEGORY_VANS,Vehicle Category - Vans,VEHICLE_CATEGORY_VANS
VEHICLE_INSURANCE_RENEWAL_MONTH,Vehicle Insurance Renewal Month,VEHICLE_INSURANCE_RENEWAL_MONTH
VEHICLE_SUB_CATEGORY_CARGO_VANS,Vehicle Sub Category - Cargo Vans,VEHICLE_SUB_CATEGORY_CARGO_VANS
VEHICLE_SUB_CATEGORY_COMPACT_PICKUPS,Vehicle Sub Category - Compact Pickups,VEHICLE_SUB_CATEGORY_COMPACT_PICKUPS
VEHICLE_SUB_CATEGORY_CONVERTIBLES,Vehicle Sub Category - Convertibles,VEHICLE_SUB_CATEGORY_CONVERTIBLES
VEHICLE_SUB_CATEGORY_CROSSOVERS,Vehicle Sub Category - Crossovers,VEHICLE_SUB_CATEGORY_CROSSOVERS
VEHICLE_SUB_CATEGORY_EXOTICS,Vehicle Sub Category - Exotics,VEHICLE_SUB_CATEGORY_EXOTICS
VEHICLE_SUB_CATEGORY_FULL_SIZE_PICKUPS,Vehicle Sub Category - Full Size Pickups,VEHICLE_SUB_CATEGORY_FULL_SIZE_PICKUPS
VEHICLE_SUB_CATEGORY_FULL_SIZE_SUVS,Vehicle Sub Category - Full Size SUVs,VEHICLE_SUB_CATEGORY_FULL_SIZE_SUVS
VEHICLE_SUB_CATEGORY_HEAVY_DUTY_PICKUPS,Vehicle Sub Category - Heavy Duty Pickups,VEHICLE_SUB_CATEGORY_HEAVY_DUTY_PICKUPS
VEHICLE_SUB_CATEGORY_LARGE_CARS,Vehicle Sub Category - Large Cars,VEHICLE_SUB_CATEGORY_LARGE_CARS
VEHICLE_SUB_CATEGORY_LUXURY_SUVS,Vehicle Sub Category - Luxury SUVs,VEHICLE_SUB_CATEGORY_LUXURY_SUVS
VEHICLE_SUB_CATEGORY_MIDSIZE_CARS,Vehicle Sub Category - Midsize Cars,VEHICLE_SUB_CATEGORY_MIDSIZE_CARS
VEHICLE_SUB_CATEGORY_MIDSIZE_SUVS,Vehicle Sub Category - Midsize SUVs,VEHICLE_SUB_CATEGORY_MIDSIZE_SUVS
VEHICLE_SUB_CATEGORY_MINI_SPORT_UTILITIES,Vehicle Sub Category - Mini Sport Utilities,VEHICLE_SUB_CATEGORY_MINI_SPORT_UTILITIES
VEHICLE_SUB_CATEGORY_MINIVANS,Vehicle Sub Category - Minivans,VEHICLE_SUB_CATEGORY_MINIVANS
VEHICLE_SUB_CATEGORY_NEAR_LUXURY,Vehicle Sub Category - Near Luxury,VEHICLE_SUB_CATEGORY_NEAR_LUXURY
VEHICLE_SUB_CATEGORY_OPEN_TOPS,Vehicle Sub Category - Open Tops,VEHICLE_SUB_CATEGORY_OPEN_TOPS
VEHICLE_SUB_CATEGORY_PASSENGER_VANS,Vehicle Sub Category - Passenger Vans,VEHICLE_SUB_CATEGORY_PASSENGER_VANS
VEHICLE_SUB_CATEGORY_SMALL_CARS,Vehicle Sub Category - Small Cars,VEHICLE_SUB_CATEGORY_SMALL_CARS
VEHICLE_SUB_CATEGORY_SPECIALTY_TRUCKS,Vehicle Sub Category - Specialty Trucks,VEHICLE_SUB_CATEGORY_SPECIALTY_TRUCKS
VEHICLE_SUB_CATEGORY_SPORTY_CARS,Vehicle Sub Category - Sporty Cars,VEHICLE_SUB_CATEGORY_SPORTY_CARS
VEHICLE_SUB_CATEGORY_STATELY_WAGON,Vehicle Sub Category - Stately Wagon,VEHICLE_SUB_CATEGORY_STATELY_WAGON
VEHICLE_SUB_CATEGORY_STATION_WAGONS,Vehicle Sub Category - Station Wagons,VEHICLE_SUB_CATEGORY_STATION_WAGONS
VEHICLE_SUB_CATEGORY_TRUE_LUXURY,Vehicle Sub Category - True Luxury,VEHICLE_SUB_CATEGORY_TRUE_LUXURY
VEHICLE_MAKE,Vehicle: Make,VEHICLE_MAKE
VEHICLE_MODEL,Vehicle: Model,VEHICLE_MODEL
VEHICLE_YEAR,Vehicle: Year,VEHICLE_YEAR
MAIL_ORDER_RESPONDER_INSURANCE,Mail Order Responder - Insurance,MAIL_ORDER_RESPONDER_INSURANCE
LIKELY_TO_BUY_DOMESTIC_VEHICLE,Likely to buy Domestic Vehicle,LIKELY_TO_BUY_DOMESTIC_VEHICLE
LIKELY_TO_BUY_IMPORT_VEHICLE,Likely to buy Import Vehicle,LIKELY_TO_BUY_IMPORT_VEHICLE
LIKELY_TO_BUY_NEW_VEHICLE,Likely to buy New Vehicle,LIKELY_TO_BUY_NEW_VEHICLE
LIKELY_TO_BUY_USED_VEHICLE,Likely to buy Used Vehicle,LIKELY_TO_BUY_USED_VEHICLE
LIKELY_TO_PURCHASE_SAME_MANUFACTURER,Likely to purchase Same Manufacturer,LIKELY_TO_PURCHASE_SAME_MANUFACTURER
LIKELY_TO_USE_DEALER_SERVICE,Likely to use Dealer Service,LIKELY_TO_USE_DEALER_SERVICE
PROPENSITY_TO_BUY_COMPACT_TRUCK,Propensity to buy Compact Truck,PROPENSITY_TO_BUY_COMPACT_TRUCK
PROPENSITY_TO_BUY_ECONOMY_CAR,Propensity to buy Economy Car,PROPENSITY_TO_BUY_ECONOMY_CAR
PROPENSITY_TO_BUY_ECONOMY_SUV,Propensity to buy Economy SUV,PROPENSITY_TO_BUY_ECONOMY_SUV
PROPENSITY_TO_BUY_FULL_SIZE_TRUCK,Propensity to buy Full-Size Truck,PROPENSITY_TO_BUY_FULL_SIZE_TRUCK
PROPENSITY_TO_BUY_LUXURY_TRUCK_FULL_SIZE,Propensity to buy Luxury Truck (Full-Size),PROPENSITY_TO_BUY_LUXURY_TRUCK_FULL_SIZE
BUSINESS_FLAG,Business Flag,BUSINESS_FLAG
COMPANY_NAME,Company Name,COMPANY_NAME
NUMBER_OF_CARS_IN_HOUSEHOLD,Number of Cars in Household,NUMBER_OF_CARS_IN_HOUSEHOLD
NUMBER_OF_TRUCKS_IN_HOUSEHOLD,Number of Trucks in Household,NUMBER_OF_TRUCKS_IN_HOUSEHOLD
NUMBER_OF_VEHICLES_IN_HOUSEHOLD,Number of Vehicles in Household,NUMBER_OF_VEHICLES_IN_HOUSEHOLD
VEHICLE_CLASS_CODE_1,Vehicle Class Code 1,VEHICLE_CLASS_CODE_1
VEHICLE_CLASS_CODE_2,Vehicle Class Code 2,VEHICLE_CLASS_CODE_2
VEHICLE_CLASS_CODE_3,Vehicle Class Code 3,VEHICLE_CLASS_CODE_3
VEHICLE_CLASS_CODE_4,Vehicle Class Code 4,VEHICLE_CLASS_CODE_4
VEHICLE_CLASS_CODE_5,Vehicle Class Code 5,VEHICLE_CLASS_CODE_5
VEHICLE_CLASS_CODE_6,Vehicle Class Code 6,VEHICLE_CLASS_CODE_6
VEHICLE_FIRST_SEEN_DATE_1,Vehicle First Seen Date 1,VEHICLE_FIRST_SEEN_DATE_1
VEHICLE_FIRST_SEEN_DATE_2,Vehicle First Seen Date 2,VEHICLE_FIRST_SEEN_DATE_2
VEHICLE_FIRST_SEEN_DATE_3,Vehicle First Seen Date 3,VEHICLE_FIRST_SEEN_DATE_3
VEHICLE_FIRST_SEEN_DATE_4,Vehicle First Seen Date 4,VEHICLE_FIRST_SEEN_DATE_4
VEHICLE_FIRST_SEEN_DATE_5,Vehicle First Seen Date 5,VEHICLE_FIRST_SEEN_DATE_5
VEHICLE_FIRST_SEEN_DATE_6,Vehicle First Seen Date 6,VEHICLE_FIRST_SEEN_DATE_6
VEHICLE_FUEL_TYPE_CODE_1,Vehicle Fuel Type Code 1,VEHICLE_FUEL_TYPE_CODE_1
VEHICLE_FUEL_TYPE_CODE_2,Vehicle Fuel Type Code 2,VEHICLE_FUEL_TYPE_CODE_2
VEHICLE_FUEL_TYPE_CODE_3,Vehicle Fuel Type Code 3,VEHICLE_FUEL_TYPE_CODE_3
VEHICLE_FUEL_TYPE_CODE_4,Vehicle Fuel Type Code 4,VEHICLE_FUEL_TYPE_CODE_4
VEHICLE_FUEL_TYPE_CODE_5,Vehicle Fuel Type Code 5,VEHICLE_FUEL_TYPE_CODE_5
VEHICLE_FUEL_TYPE_CODE_6,Vehicle Fuel Type Code 6,VEHICLE_FUEL_TYPE_CODE_6
VEHICLE_LAST_SEEN_DATE_1,Vehicle Last Seen Date 1,VEHICLE_LAST_SEEN_DATE_1
VEHICLE_LAST_SEEN_DATE_2,Vehicle Last Seen Date 2,VEHICLE_LAST_SEEN_DATE_2
VEHICLE_LAST_SEEN_DATE_3,Vehicle Last Seen Date 3,VEHICLE_LAST_SEEN_DATE_3
VEHICLE_LAST_SEEN_DATE_4,Vehicle Last Seen Date 4,VEHICLE_LAST_SEEN_DATE_4
VEHICLE_LAST_SEEN_DATE_5,Vehicle Last Seen Date 5,VEHICLE_LAST_SEEN_DATE_5
VEHICLE_LAST_SEEN_DATE_6,Vehicle Last Seen Date 6,VEHICLE_LAST_SEEN_DATE_6
VEHICLE_MAKE_1,Vehicle Make 1,VEHICLE_MAKE_1
VEHICLE_MAKE_2,Vehicle Make 2,VEHICLE_MAKE_2
VEHICLE_MAKE_3,Vehicle Make 3,VEHICLE_MAKE_3
VEHICLE_MAKE_4,Vehicle Make 4,VEHICLE_MAKE_4
VEHICLE_MAKE_5,Vehicle Make 5,VEHICLE_MAKE_5
VEHICLE_MAKE_6,Vehicle Make 6,VEHICLE_MAKE_6
VEHICLE_MANUFACTURING_CODE_1,Vehicle Manufacturing Code 1,VEHICLE_MANUFACTURING_CODE_1
VEHICLE_MANUFACTURING_CODE_2,Vehicle Manufacturing Code 2,VEHICLE_MANUFACTURING_CODE_2
VEHICLE_MANUFACTURING_CODE_3,Vehicle Manufacturing Code 3,VEHICLE_MANUFACTURING_CODE_3
VEHICLE_MANUFACTURING_CODE_4,Vehicle Manufacturing Code 4,VEHICLE_MANUFACTURING_CODE_4
VEHICLE_MANUFACTURING_CODE_5,Vehicle Manufacturing Code 5,VEHICLE_MANUFACTURING_CODE_5
VEHICLE_MANUFACTURING_CODE_6,Vehicle Manufacturing Code 6,VEHICLE_MANUFACTURING_CODE_6
VEHICLE_MILEAGE_CODE_1,Vehicle Mileage Code 1,VEHICLE_MILEAGE_CODE_1
VEHICLE_MILEAGE_CODE_2,Vehicle Mileage Code 2,VEHICLE_MILEAGE_CODE_2
VEHICLE_MILEAGE_CODE_3,Vehicle Mileage Code 3,VEHICLE_MILEAGE_CODE_3
VEHICLE_MILEAGE_CODE_4,Vehicle Mileage Code 4,VEHICLE_MILEAGE_CODE_4
VEHICLE_MILEAGE_CODE_5,Vehicle Mileage Code 5,VEHICLE_MILEAGE_CODE_5
VEHICLE_MILEAGE_CODE_6,Vehicle Mileage Code 6,VEHICLE_MILEAGE_CODE_6
VEHICLE_MODEL_1,Vehicle Model 1,VEHICLE_MODEL_1
VEHICLE_MODEL_2,Vehicle Model 2,VEHICLE_MODEL_2
VEHICLE_MODEL_3,Vehicle Model 3,VEHICLE_MODEL_3
VEHICLE_MODEL_4,Vehicle Model 4,VEHICLE_MODEL_4
VEHICLE_MODEL_5,Vehicle Model 5,VEHICLE_MODEL_5
VEHICLE_MODEL_6,Vehicle Model 6,VEHICLE_MODEL_6
VEHICLE_SERVICE_INDICATOR_1,Vehicle Service Indicator 1,VEHICLE_SERVICE_INDICATOR_1
VEHICLE_SERVICE_INDICATOR_2,Vehicle Service Indicator 2,VEHICLE_SERVICE_INDICATOR_2
VEHICLE_SERVICE_INDICATOR_3,Vehicle Service Indicator 3,VEHICLE_SERVICE_INDICATOR_3
VEHICLE_SERVICE_INDICATOR_4,Vehicle Service Indicator 4,VEHICLE_SERVICE_INDICATOR_4
VEHICLE_SERVICE_INDICATOR_5,Vehicle Service Indicator 5,VEHICLE_SERVICE_INDICATOR_5
VEHICLE_SERVICE_INDICATOR_6,Vehicle Service Indicator 6,VEHICLE_SERVICE_INDICATOR_6
VEHICLE_STYLE_CODE_1,Vehicle Style Code 1,VEHICLE_STYLE_CODE_1
VEHICLE_STYLE_CODE_2,Vehicle Style Code 2,VEHICLE_STYLE_CODE_2
VEHICLE_STYLE_CODE_3,Vehicle Style Code 3,VEHICLE_STYLE_CODE_3
VEHICLE_STYLE_CODE_4,Vehicle Style Code 4,VEHICLE_STYLE_CODE_4
VEHICLE_STYLE_CODE_5,Vehicle Style Code 5,VEHICLE_STYLE_CODE_5
VEHICLE_STYLE_CODE_6,Vehicle Style Code 6,VEHICLE_STYLE_CODE_6
VEHICLE_YEAR_1,Vehicle Year 1,VEHICLE_YEAR_1
VEHICLE_YEAR_2,Vehicle Year 2,VEHICLE_YEAR_2
VEHICLE_YEAR_3,Vehicle Year 3,VEHICLE_YEAR_3
VEHICLE_YEAR_4,Vehicle Year 4,VEHICLE_YEAR_4
VEHICLE_YEAR_5,Vehicle Year 5,VEHICLE_YEAR_5
VEHICLE_YEAR_6,Vehicle Year 6,VEHICLE_YEAR_6
AILMENTS_ADDADHD_SELF_REPORTED,Ailments - ADD/ADHD - Self Reported,AILMENTS_ADDADHD_SELF_REPORTED
AILMENTS_ALLERGIES_SELF_REPORTED,Ailments - Allergies - Self Reported,AILMENTS_ALLERGIES_SELF_REPORTED
AILMENTS_ANXIETY_SELF_REPORTED,Ailments - Anxiety - Self Reported,AILMENTS_ANXIETY_SELF_REPORTED
AILMENTS_ARTHRITIS_RHEUMATOID_SELF_REPORTED,Ailments - Arthritis - Rheumatoid - Self Reported,AILMENTS_ARTHRITIS_RHEUMATOID_SELF_REPORTED
AILMENTS_ARTHRITIS_SELF_REPORTED,Ailments - Arthritis - Self Reported,AILMENTS_ARTHRITIS_SELF_REPORTED
AILMENTS_BACK_PAIN_SELF_REPORTED,Ailments - Back Pain - Self Reported,AILMENTS_BACK_PAIN_SELF_REPORTED
AILMENTS_BLADDERBOWEL_SELF_REPORTED,Ailments - Bladder/Bowel - Self Reported,AILMENTS_BLADDERBOWEL_SELF_REPORTED
AILMENTS_COPD_SELF_REPORTED,Ailments - COPD - Self Reported,AILMENTS_COPD_SELF_REPORTED
AILMENTS_DEPRESSION_SELF_REPORTED,Ailments - Depression - Self Reported,AILMENTS_DEPRESSION_SELF_REPORTED
AILMENTS_DIABETES_SELF_REPORTED,Ailments - Diabetes - Self Reported,AILMENTS_DIABETES_SELF_REPORTED
AILMENTS_DIABETES_TYPE_1_SELF_REPORTED,Ailments - Diabetes: Type 1 - Self Reported,AILMENTS_DIABETES_TYPE_1_SELF_REPORTED
AILMENTS_DIABETES_TYPE_2_SELF_REPORTED,Ailments - Diabetes: Type 2 - Self Reported,AILMENTS_DIABETES_TYPE_2_SELF_REPORTED
AILMENTS_DIGESTIVE_SELF_REPORTED,Ailments - Digestive - Self Reported,AILMENTS_DIGESTIVE_SELF_REPORTED
AILMENTS_FOOT_AILMENTS_SELF_REPORTED,Ailments - Foot Ailments - Self Reported,AILMENTS_FOOT_AILMENTS_SELF_REPORTED
AILMENTS_HEARING_LOSS_SELF_REPORTED,Ailments - Hearing Loss - Self Reported,AILMENTS_HEARING_LOSS_SELF_REPORTED
AILMENTS_HEART_CONDITION_SELF_REPORTED,Ailments - Heart Condition - Self Reported,AILMENTS_HEART_CONDITION_SELF_REPORTED
AILMENTS_HIGH_BLOOD_PRESSURE_SELF_REPORTED,Ailments - High Blood Pressure - Self Reported,AILMENTS_HIGH_BLOOD_PRESSURE_SELF_REPORTED
AILMENTS_HIGH_CHOLESTEROL_SELF_REPORTED,Ailments - High Cholesterol - Self Reported,AILMENTS_HIGH_CHOLESTEROL_SELF_REPORTED
AILMENTS_INSOMNIA_SELF_REPORTED,Ailments - Insomnia - Self Reported,AILMENTS_INSOMNIA_SELF_REPORTED
AILMENTS_MENOPAUSE_SELF_REPORTED,Ailments - Menopause - Self Reported,AILMENTS_MENOPAUSE_SELF_REPORTED
AILMENTS_OSTEOPOROSIS_SELF_REPORTED,Blank Space,
AILMENTS_PAIN_SELF_REPORTED,Blank Space,
AILMENTS_RESPIRATORY_AILMENTS_SELF_REPORTED,Ailments - Respiratory Ailments - Self Reported,AILMENTS_RESPIRATORY_AILMENTS_SELF_REPORTED
AILMENTS_SINUSNASAL_SELF_REPORTED,Ailments - Sinus/Nasal - Self Reported,AILMENTS_SINUSNASAL_SELF_REPORTED
AILMENTS_VISION_CARE_AND_CONDITIONS_SELF_REPORTED,Ailments - Vision Care and Conditions - Self Reported,AILMENTS_VISION_CARE_AND_CONDITIONS_SELF_REPORTED
_2010_COMPLETE_CENSUS_GEO_,2010 Complete Census Geo,_21_COMPLETE_CENSUS_GEO_
DS_ANIMAL_LOVERS_QUINTILE,Animal Lovers Quintile,DS_ANIMAL_LOVERS_QUINTILE
DS_ANIMAL_LOVERS_RECENCY,Animal Lovers Recency,DS_ANIMAL_LOVERS_RECENCY
DS_BASIC_NEEDS_DONOR_QUINTILE,Basic Needs Donors Quintile,DS_BASIC_NEEDS_DONOR_QUINTILE
DS_BASIC_NEEDS_DONOR_RECENCY,Basic Needs Donors Recency,DS_BASIC_NEEDS_DONOR_RECENCY
DS_COMFORT_IS_KING_QUINTILE,Comfort is King Quintile,DS_COMFORT_IS_KING_QUINTILE
DS_COMFORT_IS_KING_RECENCY,Comfort is King Recency,DS_COMFORT_IS_KING_RECENCY
DS_CULTURAL_MAG_FANS_QUINTILE,Cultural Magazine Fans Quintile,DS_CULTURAL_MAG_FANS_QUINTILE
DS_CULTURAL_MAG_FANS_RECENCY,Cultural Magazine Fans Recency,DS_CULTURAL_MAG_FANS_RECENCY
DS_DAILY_DELIV_DEAL_LOVER_QUINTILE,Daily Delivery Deal Lovers Quintile,DS_DAILY_DELIV_DEAL_LOVER_QUINTILE
DS_DAILY_DELIV_DEAL_LOVER_RECENCY,Daily Delivery Deal Lovers Recency,DS_DAILY_DELIV_DEAL_LOVER_RECENCY
DS_DESIGNER_THREADS_QUINTILE,Designer Threads Quintile,DS_DESIGNER_THREADS_QUINTILE
DS_DESIGNER_THREADS_RECENCY,Designer Threads Recency,DS_DESIGNER_THREADS_RECENCY
DS_ENV_CONSCIOUS_QUINTILE,Environmentally Conscious Quintile,DS_ENV_CONSCIOUS_QUINTILE
DS_ENV_CONSCIOUS_RECENCY,Environmentally Conscious Recency,DS_ENV_CONSCIOUS_RECENCY
DS_FAITH_AND_HEALTH_DONOR_QUINTILE,Faith and Health Donors Quintile,DS_FAITH_AND_HEALTH_DONOR_QUINTILE
DS_FAITH_AND_HEALTH_DONOR_RECENCY,Faith and Health Donors Recency,DS_FAITH_AND_HEALTH_DONOR_RECENCY
DS_FAITHFUL_FOCUS_QUINTILE,Faithfully Focused Quintile,DS_FAITHFUL_FOCUS_QUINTILE
DS_FAITHFUL_FOCUS_RECENCY,Faithfully Focused Recency,DS_FAITHFUL_FOCUS_RECENCY
DS_FEMALE_APPAREL_BRND_FIT_QUINTILE,Female apparel - it's Brand and Fit Quintile,DS_FEMALE_APPAREL_BRND_FIT_QUINTILE
DS_FEMALE_APPAREL_BRND_FIT_RECENCY,Female apparel - it's Brand and Fit Recency,DS_FEMALE_APPAREL_BRND_FIT_RECENCY
DS_GIFTS_FOR_ALL_QUINTILE,Gifts for All Quintile,DS_GIFTS_FOR_ALL_QUINTILE
DS_GIFTS_FOR_ALL_RECENCY,Gifts for All Recency,DS_GIFTS_FOR_ALL_RECENCY
DS_GREEN_THUMB_QUINTILE,Green Thumb Quintile,DS_GREEN_THUMB_QUINTILE
DS_GREEN_THUMB_RECENCY,Green Thumb Recency,DS_GREEN_THUMB_RECENCY
DS_HANDYMAN_HUNTER_QUINTILE,Handyman Hunters Quintile,DS_HANDYMAN_HUNTER_QUINTILE
DS_HANDYMAN_HUNTER_RECENCY,Handyman Hunters Recency,DS_HANDYMAN_HUNTER_RECENCY
DS_HEALTH_FOR_LIFE_DONOR_QUINTILE,Health for Life Donors Quintile,DS_HEALTH_FOR_LIFE_DONOR_QUINTILE
DS_HEALTH_FOR_LIFE_DONOR_RECENCY,Health for Life Donors Recency,DS_HEALTH_FOR_LIFE_DONOR_RECENCY
DS_HUMANTRN_VETRN_SUPPORT_QUINTILE,Humanitarian and Veteran Supporters Quintile,DS_HUMANTRN_VETRN_SUPPORT_QUINTILE
DS_HUMANTRN_VETRN_SUPPORT_RECENCY,Humanitarian and Veteran Supporters Recency,DS_HUMANTRN_VETRN_SUPPORT_RECENCY
DS_HUMANITARIAN_DONOR_QUINTILE,Humanitarian Donors Quintile,DS_HUMANITARIAN_DONOR_QUINTILE
DS_HUMANITARIAN_DONOR_RECENCY,Humanitarian Donors Recency,DS_HUMANITARIAN_DONOR_RECENCY
DS_LIBERATED_GIVERS_QUINTILE,Liberated Givers Quintile,DS_LIBERATED_GIVERS_QUINTILE
DS_LIBERATED_GIVERS_RECENCY,Liberated Givers Recency,DS_LIBERATED_GIVERS_RECENCY
DS_KITCHEN_AND_BATH_QUINTILE,Kitchen and Bath Quintile,DS_KITCHEN_AND_BATH_QUINTILE
DS_KITCHEN_AND_BATH_RECENCY,Kitchen and Bath Recency of Purchase,DS_KITCHEN_AND_BATH_RECENCY
DS_MAGAZINE_LIFE_QUINTILE,Magazines are Life Quintile,DS_MAGAZINE_LIFE_QUINTILE
DS_MAGAZINE_LIFE_RECENCY,Magazines are Life Recency,DS_MAGAZINE_LIFE_RECENCY
DS_MATURE_DISC_HUNTERS_QUINTILE,Blank Space,
DS_MATURE_DISC_HUNTERS_RECENCY,Blank Space,
DS_MENS_MAG_AFFICIANADOS_QUINTILE,Mens' Magazine Aficionados Quintile,DS_MENS_MAG_AFFICIANADOS_QUINTILE
DS_MENS_MAG_AFFICIANADOS_RECENCY,Mens' Magazine Aficionados Recency,DS_MENS_MAG_AFFICIANADOS_RECENCY
DS_MENS_MERCH_QUINTILE,Mens' Merch Quintile,DS_MENS_MERCH_QUINTILE
DS_MENS_MERCH_RECENCY,Mens' Merch Recency,DS_MENS_MERCH_RECENCY
DS_MOBILITY_ESSENTIAL_QUINTILE,Blank Space,
DS_MOBILITY_ESSENTIAL_RECENCY,Blank Space,
DS_HOBBIES_CATALOG_QUINTILE,My Hobbies My Catalogs Quintile,DS_HOBBIES_CATALOG_QUINTILE
DS_HOBBIES_CATALOG_RECENCY,My Hobbies My Catalogs Recency,DS_HOBBIES_CATALOG_RECENCY
DS_NEIGHBRHD_WORLD_QUINTILE,My Neighborhood My World Quintile,DS_NEIGHBRHD_WORLD_QUINTILE
DS_NEIGHBRHD_WORLD_RECENCY,My Neighborhood My World Recency,DS_NEIGHBRHD_WORLD_RECENCY
DS_ANIMAL_EARTH_DONOR_QUINTILE,Our Animals Our Earth Donors Quintile,DS_ANIMAL_EARTH_DONOR_QUINTILE
DS_ANIMAL_EARTH_DONOR_RECENCY,Our Animals Our Earth Donors Recency,DS_ANIMAL_EARTH_DONOR_RECENCY
DS_OUTDOOR_APPAREL_GEAR_QUINTILE,Outdoor Apparel and Gear Lovers Quintile,DS_OUTDOOR_APPAREL_GEAR_QUINTILE
DS_OUTDOOR_APPAREL_GEAR_RECENCY,Outdoor Apparel and Gear Lovers Recency,DS_OUTDOOR_APPAREL_GEAR_RECENCY
DS_PERFECT_GIFTERS_QUINTILE,Perfect Gifters Quintile,DS_PERFECT_GIFTERS_QUINTILE
DS_PERFECT_GIFTERS_RECENCY,Perfect Gifters Recency,DS_PERFECT_GIFTERS_RECENCY
DS_PROJECT_HOME_RENOV_QUINTILE,Project Home Renovation Quintile,DS_PROJECT_HOME_RENOV_QUINTILE
DS_PROJECT_HOME_RENOV_RECENCY,Project Home Renovation Recency,DS_PROJECT_HOME_RENOV_RECENCY
DS_SHOP_FOR_SEASON_QUINTILE,Shopping for the Seasons Quintile,DS_SHOP_FOR_SEASON_QUINTILE
DS_SHOP_FOR_SEASON_RECENCY,Shopping for the Seasons Recency,DS_SHOP_FOR_SEASON_RECENCY
DS_TIME_FOR_TEACH_KIDS_QUINTILE,Time for Teaching Kids Quintile,DS_TIME_FOR_TEACH_KIDS_QUINTILE
DS_TIME_FOR_TEACH_KIDS_RECENCY,Time for Teaching Kids Recency,DS_TIME_FOR_TEACH_KIDS_RECENCY
DS_TRADITIONAL_HOBBYIST_QUINTILE,Traditional Hobbyists Quintile,DS_TRADITIONAL_HOBBYIST_QUINTILE
DS_TRADITIONAL_HOBBYIST_RECENCY,Traditional Hobbyists Recency,DS_TRADITIONAL_HOBBYIST_RECENCY
DS_TRENDSETTERS_QUINTILE,Trendsetters Quintile,DS_TRENDSETTERS_QUINTILE
DS_TRENDSETTERS_RECENCY,Trendsetters Recency,DS_TRENDSETTERS_RECENCY
DS_UBER_DONOR_QUINTILE,Uber Donors Quintile,DS_UBER_DONOR_QUINTILE
DS_UBER_DONOR_RECENCY,Uber Donors Recency,DS_UBER_DONOR_RECENCY
DS_WELLNESS_FOCUS_QUINTILE,Wellness Focused Quintile,DS_WELLNESS_FOCUS_QUINTILE
DS_WELLNESS_FOCUS_RECENCY,Wellness Focused Recency,DS_WELLNESS_FOCUS_RECENCY
DS_WISE_WOMEN_SHOPPER_QUINTILE,Wise Women Shoppers Quintile,DS_WISE_WOMEN_SHOPPER_QUINTILE
DS_WISE_WOMEN_SHOPPER_RECENCY,Wise Women Shoppers Recency,DS_WISE_WOMEN_SHOPPER_RECENCY
TARGET_NET_WORTH_4_0,Target Net Worth 4.0,TARGET_NET_WORTH_4_
HOME_VALUE_TIERS,Home Value Tiers,HOME_VALUE_TIERS
NET_WORTH_TIERS,Net Worth Tiers,NET_WORTH_TIERS
INCOME_TIERS,Income Tiers,INCOME_TIERS
INCOME_TIERS_INDICATOR,Income Tiers Indicator,INCOME_TIERS_INDICATOR
MT_PANDEMIC_DECREASED_SPENDERS,MT - Pandemic - Decreased Spenders,MT_PANDEMIC_DECREASED_SPENDERS
MT_PANDEMIC_LUXURY_SPENDERS,MT - Pandemic - Luxury Spenders,MT_PANDEMIC_LUXURY_SPENDERS
MT_PANDEMIC_RISK_TOLERANT_CONSUMERS,MT - Pandemic - Risk Tolerant Consumers,MT_PANDEMIC_RISK_TOLERANT_CONSUMERS
MT_PANDEMIC_IN_RESTAURANT_DINERS,MT - Pandemic - In Restaurant Diners,MT_PANDEMIC_IN_RESTAURANT_DINERS
MT_CONTACTLESS_PAY_APPLICATION_CONSUMERS,MT - Contactless Pay Application Consumers,MT_CONTACTLESS_PAY_APPLICATION_CONSUMERS
MT_GAMING_ENTHUSIASTS_NON_MOBILE_DEVICES,MT - Gaming Enthusiasts - non-Mobile Devices,MT_GAMING_ENTHUSIASTS_NON_MOBILE_DEVICES
MT_INTEND_TO_PURCHASE_A_SAMSUNG_MOBILE_DEVICE,MT - Intend to Purchase a Samsung mobile device,MT_INTEND_TO_PURCHASE_A_SAMSUNG_MOBILE_DEVICE
MT_MOBILE_GAMING_ENTHUSIASTS,MT - Mobile Gaming Enthusiasts,MT_MOBILE_GAMING_ENTHUSIASTS
MT_SOCIALLY_INFLUENCED_CONSUMERS,MT - Socially Influenced Consumers,MT_SOCIALLY_INFLUENCED_CONSUMERS
MT_TELE_MEDICINE_CONSUMERS,MT - Tele-Medicine Consumers,MT_TELE_MEDICINE_CONSUMERS
MT_CONSISTENT_RELIGIOUS_DONORS,MT - Consistent Religious Donors,MT_CONSISTENT_RELIGIOUS_DONORS
MT_FOOD_TRUCK_CONSUMERS,MT - Food Truck Consumers,MT_FOOD_TRUCK_CONSUMERS
MT_HOME_ENTERTAINERS,MT - Home Entertainers,MT_HOME_ENTERTAINERS
MT_INTEND_TO_PURCHASE_5G_SERVICE,MT - Intend to purchase 5G Service,MT_INTEND_TO_PURCHASE_5G_SERVICE
MT_AMUSEMENT_PARK_ATTENDEES,MT - Amusement Park Attendees,MT_AMUSEMENT_PARK_ATTENDEES
MT_FEMALE_RIGHTS_SUPPORTERS,MT - Female Rights Supporters,MT_FEMALE_RIGHTS_SUPPORTERS
MT_DECREASING_GOVERNMENT_SPEND_SUPPORTERS,MT - Decreasing Government Spend Supporters,MT_DECREASING_GOVERNMENT_SPEND_SUPPORTERS
MT_GUN_REFORM_SUPPORTERS,MT - Gun Reform Supporters,MT_GUN_REFORM_SUPPORTERS
MT_IMMIGRATION_REFORM_SUPPORTERS,MT - Immigration Reform Supporters,MT_IMMIGRATION_REFORM_SUPPORTERS
MT_LGBTQ_RIGHTS_SUPPORTERS,MT - LGBTQ Rights Supporters,MT_LGBTQ_RIGHTS_SUPPORTERS
MT_MINIMUM_WAGE_INCREASE_SUPPORTERS,MT - Minimum Wage Increase Supporters,MT_MINIMUM_WAGE_INCREASE_SUPPORTERS
MT_NATIONAL_HEALTHCARE_SUPPORTERS,MT - National Healthcare Supporters,MT_NATIONAL_HEALTHCARE_SUPPORTERS
MT_PRO_CHOICE_SUPPORTERS,MT - Pro-Choice Supporters,MT_PRO_CHOICE_SUPPORTERS
MT_PRO_MARIJUANA_LEGALIZATION_SUPPORTERS,MT - Pro-Marijuana Legalization Supporters,MT_PRO_MARIJUANA_LEGALIZATION_SUPPORTERS
MT_CLIMATE_CHANGE_CONCERNED_CONSUMERS,MT - Climate Change Concerned Consumers,MT_CLIMATE_CHANGE_CONCERNED_CONSUMERS
VEHICLE_ACCESSORIES_CUSTOMERS,Vehicle Accessories Customers,VEHICLE_ACCESSORIES_CUSTOMERS
VEHICLE_PERFORMANCE_UPGRADES_CUSTOMERS,Vehicle Performance Upgrades Customers,VEHICLE_PERFORMANCE_UPGRADES_CUSTOMERS
MT_LIKELY_TO_BE_LABOR_UNION_MEMBERS,MT - Likely to be Labor Union Members,MT_LIKELY_TO_BE_LABOR_UNION_MEMBERS
MT_PROACTIVE_HEALTH_MANAGERS,MT - Proactive Health Managers,MT_PROACTIVE_HEALTH_MANAGERS
MT_HEALTH_INSURANCE_THROUGH_LABOR_UNION,MT - Health Insurance through Labor Union,MT_HEALTH_INSURANCE_THROUGH_LABOR_UNION
MT_INTERNET_SERVICE_SWITCHERS,MT - Internet Service Switchers,MT_INTERNET_SERVICE_SWITCHERS
MT_CORPORATE_PARTNERSHIP_DONORS,MT - Corporate Partnership Donors,MT_CORPORATE_PARTNERSHIP_DONORS
MT_DONOR_VIA_BRANDS_PURCHASED,MT - Donor via Brands Purchased,MT_DONOR_VIA_BRANDS_PURCHASED
MT_GOFUNDME_DONORS,MT - Gofundme Donors,MT_GOFUNDME_DONORS
MT_SCHOOL_FUNDRAISING_DONORS,MT - School Fundraising Donors,MT_SCHOOL_FUNDRAISING_DONORS
MT_SOCIAL_MEDIA_DONORS,MT - Social Media Donors,MT_SOCIAL_MEDIA_DONORS
MT_BABY_SUPPLIES_SHOPPERS,MT - Baby Supplies Shoppers,MT_BABY_SUPPLIES_SHOPPERS
MT_CLEAN_EATING_DINING_CUSTOMERS,MT - Clean Eating Dining Customers,MT_CLEAN_EATING_DINING_CUSTOMERS
MT_GLUTEN_FREE_DINING_CUSTOMERS,MT - Gluten Free Dining Customers,MT_GLUTEN_FREE_DINING_CUSTOMERS
MT_LOW_CARB_DIET_DINING_CUSTOMERS,MT - Low Carb Diet Dining Customers,MT_LOW_CARB_DIET_DINING_CUSTOMERS
MT_PLANT_BASED_DINING_CUSTOMERS,MT - Plant Based Dining Customers,MT_PLANT_BASED_DINING_CUSTOMERS
MT_WEDDING_SHOPPERS,MT - Wedding Shoppers,MT_WEDDING_SHOPPERS
MT_CABLE_SERVICE_SWITCHERS,MT - Cable Service Switchers,MT_CABLE_SERVICE_SWITCHERS
MT_ONLINE_HOTEL_DEAL_SEEKERS,MT - Online Hotel Deal Seekers,MT_ONLINE_HOTEL_DEAL_SEEKERS
MT_ONLINE_HOTEL_UPGRADERS,MT - Online Hotel Upgraders,MT_ONLINE_HOTEL_UPGRADERS
LIVING_AREA_SQUARE_FOOTAGE_RANGE_DUPLICATE,Living Area Square Footage Range,LIVING_AREA_SQ_FTG_RANGE
PROPERTY_LOT_SIZE_IN_ACRES_DUPLICATE,Property Lot Size in Acres,PROPERTY_LOT_SIZE_IN_ACRES_DUPLICATE
MT_TRADITIONAL_CABLE_PAY_TV_SERVICE_CUSTOMERS,MT - Traditional Cable/Pay TV Service Customers,MT_TRADITIONAL_CABLE_PAY_TV_SERVICE_CUSTOMERS
INVESTMENT_RESOURCES_TIERS,Investment Resources Tiers,INVESTMENT_RESOURCES_TIERS
LIQUID_RESOURCES_TIERS,Liquid Resources Tiers,LIQUID_RESOURCES_TIERS
MORTGAGE_LIABILITY_TIERS,Mortgage Liability Tiers,MORTGAGE_LIABILITY_TIERS
SHORT_TERM_LIABILITY_TIERS,Short Term Liability Tiers,SHORT_TERM_LIABILITY_TIERS
WEALTH_RESOURCES_TIERS,Wealth Resources Tiers,WEALTH_RESOURCES_TIERS
_2010_CENSUS_GEO_TRAC_BLOCK_GROUP,2010 Census Geo Tract/Block Group,_21_CENSUS_GEO_TRAC_BLOCK_GROUP
CENSUS_TRACT_SUFFIX,Census Tract Suffix,CENSUS_TRACT_SUFFIX
_2010_CENSUS_GEO_BLOCK,2010 Census Geo Block,_21_CENSUS_GEO_BLOCK
